{
  "id": "MaxQuant_20260423_100039",
  "software_name": "MaxQuant",
  "software_version": "2.7.5.0",
  "search_engine": "Andromeda",
  "search_engine_version": "nan",
  "ident_fdr_psm": "0.01",
  "ident_fdr_peptide": null,
  "ident_fdr_protein": "0.01",
  "enable_match_between_runs": false,
  "precursor_mass_tolerance": "[-4.5 ppm, 4.5 ppm]",
  "fragment_mass_tolerance": "[-20 ppm, 20 ppm]",
  "enzyme": "Trypsin/P",
  "allowed_miscleavages": "2",
  "min_peptide_length": "7",
  "max_peptide_length": null,
  "is_temporary": false,
  "intermediate_hash": "090d5f63ab4b453cbbc318eb5f8ccfe557ab8621",
  "results": {
    "6": {
      "median_abs_epsilon_global": 0.38053095466559966,
      "median_abs_epsilon_eq_species": 0.38027439684723036,
      "median_abs_epsilon_HUMAN": 0.3805571693676656,
      "median_abs_epsilon_YEAST": 0.3799916243267951,
      "mean_abs_epsilon_global": 0.4521915644195135,
      "mean_abs_epsilon_eq_species": 0.45668232632135414,
      "mean_abs_epsilon_HUMAN": 0.4511472011865273,
      "mean_abs_epsilon_YEAST": 0.462217451456181,
      "median_log2_empirical_HUMAN": -0.09635009530347283,
      "median_log2_empirical_YEAST": -1.9725028184918871,
      "median_abs_epsilon_precision_global": 0.21905621559569077,
      "median_abs_epsilon_precision_eq_species": 0.22616349879824815,
      "median_abs_epsilon_precision_HUMAN": 0.21756701526428923,
      "median_abs_epsilon_precision_YEAST": 0.23475998233220707,
      "mean_log2_empirical_HUMAN": -0.1166935636326679,
      "mean_log2_empirical_YEAST": -1.9458623906589518,
      "mean_abs_epsilon_precision_global": 0.30498773111226946,
      "mean_abs_epsilon_precision_eq_species": 0.31783411435975784,
      "mean_abs_epsilon_precision_HUMAN": 0.30200020012448153,
      "mean_abs_epsilon_precision_YEAST": 0.33366802859503414,
      "CV_median": 0.19877343429545327,
      "CV_q75": 0.3035512342864134,
      "CV_q90": 0.43199996408715985,
      "CV_q95": 0.5439920783636845,
      "variance_epsilon_global": 0.2486645431941455,
      "nr_prec": 13462,
      "roc_auc": 0.9855758649017299
    },
    "5": {
      "median_abs_epsilon_global": 0.398156673476762,
      "median_abs_epsilon_eq_species": 0.41087920745808754,
      "median_abs_epsilon_HUMAN": 0.395318113471942,
      "median_abs_epsilon_YEAST": 0.42644030144423306,
      "mean_abs_epsilon_global": 0.48722418645963195,
      "mean_abs_epsilon_eq_species": 0.517137560626823,
      "mean_abs_epsilon_HUMAN": 0.47859012391957606,
      "mean_abs_epsilon_YEAST": 0.55568499733407,
      "median_log2_empirical_HUMAN": -0.09922535874139804,
      "median_log2_empirical_YEAST": -1.9346204772548532,
      "median_abs_epsilon_precision_global": 0.24190014380393343,
      "median_abs_epsilon_precision_eq_species": 0.26201027406155086,
      "median_abs_epsilon_precision_HUMAN": 0.23774243804433937,
      "median_abs_epsilon_precision_YEAST": 0.28627811007876236,
      "mean_log2_empirical_HUMAN": -0.12328395171731478,
      "mean_log2_empirical_YEAST": -1.8711836522525693,
      "mean_abs_epsilon_precision_global": 0.34585344119157135,
      "mean_abs_epsilon_precision_eq_species": 0.378533443327564,
      "mean_abs_epsilon_precision_HUMAN": 0.3364208315276041,
      "mean_abs_epsilon_precision_YEAST": 0.42064605512752395,
      "CV_median": 0.20759914569558605,
      "CV_q75": 0.3234611923751651,
      "CV_q90": 0.4732851002779251,
      "CV_q95": 0.607897492187882,
      "variance_epsilon_global": 0.3325678807564961,
      "nr_prec": 17519,
      "roc_auc": 0.9738406335401228
    },
    "4": {
      "median_abs_epsilon_global": 0.4198723464832614,
      "median_abs_epsilon_eq_species": 0.44381505330629073,
      "median_abs_epsilon_HUMAN": 0.4089073126824848,
      "median_abs_epsilon_YEAST": 0.47872279393009665,
      "mean_abs_epsilon_global": 0.5307438878852208,
      "mean_abs_epsilon_eq_species": 0.5931119361695409,
      "mean_abs_epsilon_HUMAN": 0.5080835247684314,
      "mean_abs_epsilon_YEAST": 0.6781403475706503,
      "median_log2_empirical_HUMAN": -0.10528513948112561,
      "median_log2_empirical_YEAST": -1.8915712036458245,
      "median_abs_epsilon_precision_global": 0.26257231055064345,
      "median_abs_epsilon_precision_eq_species": 0.29703093370058564,
      "median_abs_epsilon_precision_HUMAN": 0.2527450937793656,
      "median_abs_epsilon_precision_YEAST": 0.3413167736218057,
      "mean_log2_empirical_HUMAN": -0.13239771676719306,
      "mean_log2_empirical_YEAST": -1.7693086957221795,
      "mean_abs_epsilon_precision_global": 0.39117619464209,
      "mean_abs_epsilon_precision_eq_species": 0.45334276208215085,
      "mean_abs_epsilon_precision_HUMAN": 0.36858903614236976,
      "mean_abs_epsilon_precision_YEAST": 0.538096488021932,
      "CV_median": 0.21179295510447044,
      "CV_q75": 0.3345209556869533,
      "CV_q90": 0.49598338549230725,
      "CV_q95": 0.6457266665280335,
      "variance_epsilon_global": 0.458551027948094,
      "nr_prec": 20420,
      "roc_auc": 0.9567837806528248
    },
    "3": {
      "median_abs_epsilon_global": 0.4315066984405588,
      "median_abs_epsilon_eq_species": 0.4610546990350714,
      "median_abs_epsilon_HUMAN": 0.4220464848606825,
      "median_abs_epsilon_YEAST": 0.5000629132094603,
      "mean_abs_epsilon_global": 0.5619197399834427,
      "mean_abs_epsilon_eq_species": 0.6395553389824249,
      "mean_abs_epsilon_HUMAN": 0.5333179101385405,
      "mean_abs_epsilon_YEAST": 0.7457927678263094,
      "median_log2_empirical_HUMAN": -0.10686365210605686,
      "median_log2_empirical_YEAST": -1.872647559274574,
      "median_abs_epsilon_precision_global": 0.2759259178942397,
      "median_abs_epsilon_precision_eq_species": 0.3152189832391681,
      "median_abs_epsilon_precision_HUMAN": 0.26476328490249834,
      "median_abs_epsilon_precision_YEAST": 0.3656746815758378,
      "mean_log2_empirical_HUMAN": -0.13424238108405925,
      "mean_log2_empirical_YEAST": -1.7114568665520442,
      "mean_abs_epsilon_precision_global": 0.42581584850413795,
      "mean_abs_epsilon_precision_eq_species": 0.5017807460976781,
      "mean_abs_epsilon_precision_HUMAN": 0.39782952389055,
      "mean_abs_epsilon_precision_YEAST": 0.6057319683048061,
      "CV_median": 0.21404642558178294,
      "CV_q75": 0.339786004644078,
      "CV_q90": 0.509858293373219,
      "CV_q95": 0.6664624653197427,
      "variance_epsilon_global": 0.5570279183360085,
      "nr_prec": 22648,
      "roc_auc": 0.9418914093878382
    },
    "2": {
      "median_abs_epsilon_global": 0.4406756772309993,
      "median_abs_epsilon_eq_species": 0.4759017829459995,
      "median_abs_epsilon_HUMAN": 0.43166638571478355,
      "median_abs_epsilon_YEAST": 0.5201371801772154,
      "mean_abs_epsilon_global": 0.5915854354486357,
      "mean_abs_epsilon_eq_species": 0.6807901427255685,
      "mean_abs_epsilon_HUMAN": 0.5587316346821017,
      "mean_abs_epsilon_YEAST": 0.8028486507690351,
      "median_log2_empirical_HUMAN": -0.10905989898091928,
      "median_log2_empirical_YEAST": -1.8582538974886953,
      "median_abs_epsilon_precision_global": 0.2868180087736034,
      "median_abs_epsilon_precision_eq_species": 0.3285359934562915,
      "median_abs_epsilon_precision_HUMAN": 0.27546303300236286,
      "median_abs_epsilon_precision_YEAST": 0.3816089539102201,
      "mean_log2_empirical_HUMAN": -0.1385476806288917,
      "mean_log2_empirical_YEAST": -1.6582654304901907,
      "mean_abs_epsilon_precision_global": 0.4578101652390438,
      "mean_abs_epsilon_precision_eq_species": 0.5450951249977024,
      "mean_abs_epsilon_precision_HUMAN": 0.42566340117957074,
      "mean_abs_epsilon_precision_YEAST": 0.6645268488158341,
      "CV_median": 0.21478747463288883,
      "CV_q75": 0.3424025736018037,
      "CV_q90": 0.5171246052652617,
      "CV_q95": 0.6771805587104386,
      "variance_epsilon_global": 0.6682032070024905,
      "nr_prec": 24696,
      "roc_auc": 0.9297829192253491
    },