{
  "id": "FragPipe (DIA-NN quant)_20251027_134526",
  "software_name": "FragPipe (DIA-NN quant)",
  "software_version": "23.1",
  "search_engine": "MSFragger",
  "search_engine_version": "4.3",
  "ident_fdr_psm": 0.01,
  "ident_fdr_peptide": NaN,
  "ident_fdr_protein": 0.01,
  "enable_match_between_runs": false,
  "precursor_mass_tolerance": "[-10 ppm, 10 ppm]",
  "fragment_mass_tolerance": "[-10 ppm, 10 ppm]",
  "enzyme": "Trypsin/P",
  "allowed_miscleavages": 1,
  "min_peptide_length": 7,
  "max_peptide_length": 50,
  "is_temporary": false,
  "intermediate_hash": "0b5a0c9b8387b98db6f1c287c516fa6ddf2a74ee",
  "results": {
    "6": {
      "median_abs_epsilon_global": 0.29709760164624777,
      "median_abs_epsilon_eq_species": 0.33754975562910566,
      "median_abs_epsilon_HUMAN": 0.28653321248687524,
      "median_abs_epsilon_YEAST": 0.3885662987713361,
      "mean_abs_epsilon_global": 0.3646031502104717,
      "mean_abs_epsilon_eq_species": 0.4046872249896108,
      "mean_abs_epsilon_HUMAN": 0.35274965683273257,
      "mean_abs_epsilon_YEAST": 0.456624793146489,
      "median_log2_empirical_HUMAN": -0.014814878974357626,
      "median_log2_empirical_YEAST": -1.9465067233758422,
      "median_abs_epsilon_precision_global": 0.14592233244474695,
      "median_abs_epsilon_precision_eq_species": 0.1593162716485148,
      "median_abs_epsilon_precision_HUMAN": 0.14152263894534478,
      "median_abs_epsilon_precision_YEAST": 0.17710990435168483,
      "mean_log2_empirical_HUMAN": -0.054499204651293626,
      "mean_log2_empirical_YEAST": -1.9231379802130606,
      "mean_abs_epsilon_precision_global": 0.23374634346576206,
      "mean_abs_epsilon_precision_eq_species": 0.2530920212755062,
      "mean_abs_epsilon_precision_HUMAN": 0.2280255212921387,
      "mean_abs_epsilon_precision_YEAST": 0.27815852125887364,
      "CV_median": 0.12442962432339992,
      "CV_q75": 0.20593908362842267,
      "CV_q90": 0.3223841125397262,
      "CV_q95": 0.4046473299494413,
      "variance_epsilon_global": 0.17853459478821074,
      "nr_feature": 2480,
      "roc_auc": 0.9886353218571421
    },
    "5": {
      "median_abs_epsilon_global": 0.302763311618499,
      "median_abs_epsilon_eq_species": 0.3431073468728933,
      "median_abs_epsilon_HUMAN": 0.29150103889368084,
      "median_abs_epsilon_YEAST": 0.39471365485210574,
      "mean_abs_epsilon_global": 0.38334775408491617,
      "mean_abs_epsilon_eq_species": 0.42401723957891135,
      "mean_abs_epsilon_HUMAN": 0.3694626166132289,
      "mean_abs_epsilon_YEAST": 0.47857186254459383,
      "median_log2_empirical_HUMAN": -0.017507634051299625,
      "median_log2_empirical_YEAST": -1.9440548786416958,
      "median_abs_epsilon_precision_global": 0.15523087343367248,
      "median_abs_epsilon_precision_eq_species": 0.17358617000183907,
      "median_abs_epsilon_precision_HUMAN": 0.14863642398550603,
      "median_abs_epsilon_precision_YEAST": 0.1985359160181721,
      "mean_log2_empirical_HUMAN": -0.06742938293562344,
      "mean_log2_empirical_YEAST": -1.9213249775539356,
      "mean_abs_epsilon_precision_global": 0.254908842811603,
      "mean_abs_epsilon_precision_eq_species": 0.27806125344606114,
      "mean_abs_epsilon_precision_HUMAN": 0.24700428241317177,
      "mean_abs_epsilon_precision_YEAST": 0.3091182244789505,
      "CV_median": 0.1279657621880984,
      "CV_q75": 0.2135122772933199,
      "CV_q90": 0.3358711686920479,
      "CV_q95": 0.43504881794438566,
      "variance_epsilon_global": 0.2156780011517698,
      "nr_feature": 2656,
      "roc_auc": 0.9862447733457226
    },
    "4": {
      "median_abs_epsilon_global": 0.31013764418950535,
      "median_abs_epsilon_eq_species": 0.35402512382556267,
      "median_abs_epsilon_HUMAN": 0.2934798544037859,
      "median_abs_epsilon_YEAST": 0.41457039324733946,
      "mean_abs_epsilon_global": 0.4019455598080115,
      "mean_abs_epsilon_eq_species": 0.45016053847454585,
      "mean_abs_epsilon_HUMAN": 0.38388914711462063,
      "mean_abs_epsilon_YEAST": 0.5164319298344711,
      "median_log2_empirical_HUMAN": -0.019814191099030154,
      "median_log2_empirical_YEAST": -1.9352946136900933,
      "median_abs_epsilon_precision_global": 0.15891129293204465,
      "median_abs_epsilon_precision_eq_species": 0.18482203090547955,
      "median_abs_epsilon_precision_HUMAN": 0.1513582254218413,
      "median_abs_epsilon_precision_YEAST": 0.2182858363891178,
      "mean_log2_empirical_HUMAN": -0.08166861440145115,
      "mean_log2_empirical_YEAST": -1.8916796317517577,
      "mean_abs_epsilon_precision_global": 0.27310154143464876,
      "mean_abs_epsilon_precision_eq_species": 0.30170804694085535,
      "mean_abs_epsilon_precision_HUMAN": 0.26238846256535653,
      "mean_abs_epsilon_precision_YEAST": 0.34102763131635416,
      "CV_median": 0.12905729632523394,
      "CV_q75": 0.21716627805730265,
      "CV_q90": 0.34128646636973514,
      "CV_q95": 0.44454828967631976,
      "variance_epsilon_global": 0.2563511352510951,
      "nr_feature": 2738,
      "roc_auc": 0.9814293568517648
    },
    "3": {
      "median_abs_epsilon_global": 0.31140234272863354,
      "median_abs_epsilon_eq_species": 0.35605009920350555,
      "median_abs_epsilon_HUMAN": 0.29511492815488916,
      "median_abs_epsilon_YEAST": 0.41698527025212195,
      "mean_abs_epsilon_global": 0.40782140948797985,
      "mean_abs_epsilon_eq_species": 0.4592643026308473,
      "mean_abs_epsilon_HUMAN": 0.3884758027898642,
      "mean_abs_epsilon_YEAST": 0.5300528024718304,
      "median_log2_empirical_HUMAN": -0.019814280628002834,
      "median_log2_empirical_YEAST": -1.9321556500529837,
      "median_abs_epsilon_precision_global": 0.159779321510916,
      "median_abs_epsilon_precision_eq_species": 0.18495319635821916,
      "median_abs_epsilon_precision_HUMAN": 0.15164564906832556,
      "median_abs_epsilon_precision_YEAST": 0.21826074364811276,
      "mean_log2_empirical_HUMAN": -0.08352439902051659,
      "mean_log2_empirical_YEAST": -1.8771443456746226,
      "mean_abs_epsilon_precision_global": 0.2791172379688688,
      "mean_abs_epsilon_precision_eq_species": 0.3105417379170583,
      "mean_abs_epsilon_precision_HUMAN": 0.2672997452202728,
      "mean_abs_epsilon_precision_YEAST": 0.3537837306138439,
      "CV_median": 0.12960411513815978,
      "CV_q75": 0.2183676345454305,
      "CV_q90": 0.3429511279085653,
      "CV_q95": 0.44815389699354147,
      "variance_epsilon_global": 0.2697862182467764,
      "nr_feature": 2781,
      "roc_auc": 0.9751451536390302
    },
    "2": {
      "median_abs_epsilon_global": 0.31140234272863354,
      "median_abs_epsilon_eq_species": 0.35605009920350555,
      "median_abs_epsilon_HUMAN": 0.29511492815488916,
      "median_abs_epsilon_YEAST": 0.41698527025212195,
      "mean_abs_epsilon_global": 0.4080615019802284,
      "mean_abs_epsilon_eq_species": 0.4594195327194632,
      "mean_abs_epsilon_HUMAN": 0.38878626296709595,
      "mean_abs_epsilon_YEAST": 0.5300528024718304,
      "median_log2_empirical_HUMAN": -0.019798488977121664,
      "median_log2_empirical_YEAST": -1.9321556500529837,
      "median_abs_epsilon_precision_global": 0.159779321510916,
      "median_abs_epsilon_precision_eq_species": 0.18495319635821916,
      "median_abs_epsilon_precision_HUMAN": 0.15164564906832556,
      "median_abs_epsilon_precision_YEAST": 0.21826074364811276,
      "mean_log2_empirical_HUMAN": -0.0831619197878012,
      "mean_log2_empirical_YEAST": -1.8771443456746226,
      "mean_abs_epsilon_precision_global": 0.27948073420054365,
      "mean_abs_epsilon_precision_eq_species": 0.3107621088431086,
      "mean_abs_epsilon_precision_HUMAN": 0.2677404870723734,
      "mean_abs_epsilon_precision_YEAST": 0.3537837306138439,
      "CV_median": 0.12973755057175668,
      "CV_q75": 0.21851681161110081,
      "CV_q90": 0.34355691126104093,
      "CV_q95": 0.4493022722006429,
      "variance_epsilon_global": 0.2701091173669868,
      "nr_feature": 2807,