{
  "id": "FragPipe (DIA-NN quant)_20251027_134526",
  "software_name": "FragPipe (DIA-NN quant)",
  "software_version": "23.1",
  "search_engine": "MSFragger",
  "search_engine_version": "4.3",
  "ident_fdr_psm": "0.01",
  "ident_fdr_peptide": null,
  "ident_fdr_protein": "0.01",
  "enable_match_between_runs": false,
  "precursor_mass_tolerance": "[-10 ppm, 10 ppm]",
  "fragment_mass_tolerance": "[-10 ppm, 10 ppm]",
  "enzyme": "Trypsin/P",
  "allowed_miscleavages": 1,
  "min_peptide_length": 7,
  "max_peptide_length": 50,
  "is_temporary": false,
  "intermediate_hash": "0b5a0c9b8387b98db6f1c287c516fa6ddf2a74ee",
  "results": {
    "6": {
      "median_abs_epsilon_global": 0.2983258240839598,
      "median_abs_epsilon_eq_species": 0.3411746588656532,
      "median_abs_epsilon_HUMAN": 0.2876145666365323,
      "median_abs_epsilon_YEAST": 0.3947347510947741,
      "mean_abs_epsilon_global": 0.3717698530389521,
      "mean_abs_epsilon_eq_species": 0.4309964397626246,
      "mean_abs_epsilon_HUMAN": 0.35347974383685815,
      "mean_abs_epsilon_YEAST": 0.508513135688391,
      "median_log2_empirical_HUMAN": -0.015958193190616754,
      "median_log2_empirical_YEAST": -1.938591398810983,
      "median_abs_epsilon_precision_global": 0.14726963659319736,
      "median_abs_epsilon_precision_eq_species": 0.16531757198652164,
      "median_abs_epsilon_precision_HUMAN": 0.1413373984231452,
      "median_abs_epsilon_precision_YEAST": 0.1892977455498981,
      "mean_log2_empirical_HUMAN": -0.05515638690044708,
      "mean_log2_empirical_YEAST": -1.8721023099594516,
      "mean_abs_epsilon_precision_global": 0.2402873492989338,
      "mean_abs_epsilon_precision_eq_species": 0.27951649266226475,
      "mean_abs_epsilon_precision_HUMAN": 0.2281727677282025,
      "mean_abs_epsilon_precision_YEAST": 0.33086021759632694,
      "CV_median": 0.12419971839416512,
      "CV_q75": 0.20605486390661956,
      "CV_q90": 0.3218677584981743,
      "CV_q95": 0.4049812265136168,
      "roc_auc": 0.9774169221186844,
      "roc_auc_directional": 0.9823188529695533,
      "nr_prec": 2509,
      "nr_prec_HUMAN": 2213,
      "nr_prec_YEAST": 296,
      "variance_epsilon_global": 0.19824043001488817
    },
    "5": {
      "median_abs_epsilon_global": 0.30455288348139875,
      "median_abs_epsilon_eq_species": 0.34720198981757416,
      "median_abs_epsilon_HUMAN": 0.2916977721293653,
      "median_abs_epsilon_YEAST": 0.402706207505783,
      "mean_abs_epsilon_global": 0.3897775952101383,
      "mean_abs_epsilon_eq_species": 0.44574555694934115,
      "mean_abs_epsilon_HUMAN": 0.3699744151995938,
      "mean_abs_epsilon_YEAST": 0.5215166986990885,
      "median_log2_empirical_HUMAN": -0.018185431667745888,
      "median_log2_empirical_YEAST": -1.9353727656060862,
      "median_abs_epsilon_precision_global": 0.1555645052335608,
      "median_abs_epsilon_precision_eq_species": 0.1799807713470214,
      "median_abs_epsilon_precision_HUMAN": 0.14880348387357678,
      "median_abs_epsilon_precision_YEAST": 0.211158058820466,
      "mean_log2_empirical_HUMAN": -0.06791470833527694,
      "mean_log2_empirical_YEAST": -1.8783534978943925,
      "mean_abs_epsilon_precision_global": 0.26050353175356256,
      "mean_abs_epsilon_precision_eq_species": 0.2988337412702997,
      "mean_abs_epsilon_precision_HUMAN": 0.24694112899108805,
      "mean_abs_epsilon_precision_YEAST": 0.3507263535495113,
      "CV_median": 0.12773019408135627,
      "CV_q75": 0.21377252806853458,
      "CV_q90": 0.3356546501597979,
      "CV_q95": 0.4354697057723861,
      "roc_auc": 0.9765417863918935,
      "roc_auc_directional": 0.9809013098092326,
      "nr_prec": 2686,
      "nr_prec_HUMAN": 2335,
      "nr_prec_YEAST": 351,
      "variance_epsilon_global": 0.23363235389384598
    },
    "4": {
      "median_abs_epsilon_global": 0.31150718582168613,
      "median_abs_epsilon_eq_species": 0.35946184302021716,
      "median_abs_epsilon_HUMAN": 0.29511492815488916,
      "median_abs_epsilon_YEAST": 0.4238087578855452,
      "mean_abs_epsilon_global": 0.4079833557222651,
      "mean_abs_epsilon_eq_species": 0.46924780564496377,
      "mean_abs_epsilon_HUMAN": 0.3842878871148886,
      "mean_abs_epsilon_YEAST": 0.5542077241750389,
      "median_log2_empirical_HUMAN": -0.020256173791650234,
      "median_log2_empirical_YEAST": -1.928230767556034,
      "median_abs_epsilon_precision_global": 0.15957526194171034,
      "median_abs_epsilon_precision_eq_species": 0.18604504061821148,
      "median_abs_epsilon_precision_HUMAN": 0.15094882485748506,
      "median_abs_epsilon_precision_YEAST": 0.2211412563789379,
      "mean_log2_empirical_HUMAN": -0.08204274029283311,
      "mean_log2_empirical_YEAST": -1.8536029481634904,
      "mean_abs_epsilon_precision_global": 0.2782757873315432,
      "mean_abs_epsilon_precision_eq_species": 0.31983066088512613,
      "mean_abs_epsilon_precision_HUMAN": 0.26220346148817336,
      "mean_abs_epsilon_precision_YEAST": 0.3774578602820789,
      "CV_median": 0.1289285933572456,
      "CV_q75": 0.2173041398665856,
      "CV_q90": 0.3407326288751134,
      "CV_q95": 0.4447487786355949,
      "roc_auc": 0.9726021586771251,
      "roc_auc_directional": 0.9754625581324529,
      "nr_prec": 2768,
      "nr_prec_HUMAN": 2382,
      "nr_prec_YEAST": 386,
      "variance_epsilon_global": 0.2733593042554794
    },
    "3": {
      "median_abs_epsilon_global": 0.31335100084014067,
      "median_abs_epsilon_eq_species": 0.36137884573818607,
      "median_abs_epsilon_HUMAN": 0.29629033962214046,
      "median_abs_epsilon_YEAST": 0.4264673518542317,
      "mean_abs_epsilon_global": 0.4137505394988278,
      "mean_abs_epsilon_eq_species": 0.47791316926537847,
      "mean_abs_epsilon_HUMAN": 0.3888392148507892,
      "mean_abs_epsilon_YEAST": 0.5669871236799677,
      "median_log2_empirical_HUMAN": -0.02041284980133895,
      "median_log2_empirical_YEAST": -1.927193343792588,
      "median_abs_epsilon_precision_global": 0.16059201721763294,
      "median_abs_epsilon_precision_eq_species": 0.18835546913451928,
      "median_abs_epsilon_precision_HUMAN": 0.15157439618963586,
      "median_abs_epsilon_precision_YEAST": 0.2251365420794027,
      "mean_log2_empirical_HUMAN": -0.08388272312837308,
      "mean_log2_empirical_YEAST": -1.8399427017103442,
      "mean_abs_epsilon_precision_global": 0.28424295864600096,
      "mean_abs_epsilon_precision_eq_species": 0.3284536444998507,
      "mean_abs_epsilon_precision_HUMAN": 0.26707803332693536,
      "mean_abs_epsilon_precision_YEAST": 0.389829255672766,
      "CV_median": 0.12931958295213905,
      "CV_q75": 0.2184042173832096,
      "CV_q90": 0.34284473540676697,
      "CV_q95": 0.44848821390184856,
      "roc_auc": 0.9665608533470145,
      "roc_auc_directional": 0.97155438697748,
      "nr_prec": 2811,
      "nr_prec_HUMAN": 2405,
      "nr_prec_YEAST": 406,
      "variance_epsilon_global": 0.28651178683378126
    },
    "2": {
      "median_abs_epsilon_global": 0.31335100084014067,
      "median_abs_epsilon_eq_species": 0.36137884573818607,
      "median_abs_epsilon_HUMAN": 0.29629033962214046,
      "median_abs_epsilon_YEAST": 0.4264673518542317,
      "mean_abs_epsilon_global": 0.4139795617100841,
      "mean_abs_epsilon_eq_species": 0.478066998714948,
      "mean_abs_epsilon_HUMAN": 0.3891468737499283,
      "mean_abs_epsilon_YEAST": 0.5669871236799677,
      "median_log2_empirical_HUMAN": -0.020099497781961517,
      "median_log2_empirical_YEAST": -1.927193343792588,
      "median_abs_epsilon_precision_global": 0.16061581347699594,
      "median_abs_epsilon_precision_eq_species": 0.1884687217152301,
      "median_abs_epsilon_precision_HUMAN": 0.1518009013510575,
      "median_abs_epsilon_precision_YEAST": 0.2251365420794027,
      "mean_log2_empirical_HUMAN": -0.08352221179017484,
      "mean_log2_empirical_YEAST": -1.8399427017103442,
      "mean_abs_epsilon_precision_global": 0.28459579250606726,