{
  "id": "DIA-NN_20251027_134650",
  "software_name": "DIA-NN",
  "software_version": "2.2.0 Academia ",
  "search_engine": "DIA-NN",
  "search_engine_version": "2.2.0 Academia ",
  "ident_fdr_psm": 0.01,
  "ident_fdr_peptide": NaN,
  "ident_fdr_protein": NaN,
  "enable_match_between_runs": true,
  "precursor_mass_tolerance": "[-1.9 ppm, 1.9 ppm]",
  "fragment_mass_tolerance": "[-6 ppm, 6 ppm]",
  "enzyme": "Trypsin/P",
  "allowed_miscleavages": 1,
  "min_peptide_length": 7,
  "max_peptide_length": 30,
  "is_temporary": false,
  "intermediate_hash": "1707b99528499252cfe1258dccbf3ab3253591e0",
  "results": {
    "6": {
      "median_abs_epsilon_global": 0.28233486664922347,
      "median_abs_epsilon_eq_species": 0.2985146709233221,
      "median_abs_epsilon_HUMAN": 0.27877384675176253,
      "median_abs_epsilon_YEAST": 0.3182554950948817,
      "mean_abs_epsilon_global": 0.32358908079177384,
      "mean_abs_epsilon_eq_species": 0.33813562543243525,
      "mean_abs_epsilon_HUMAN": 0.3198913639710854,
      "mean_abs_epsilon_YEAST": 0.356379886893785,
      "median_log2_empirical_HUMAN": -0.005194664001464844,
      "median_log2_empirical_YEAST": -2.0261411666870117,
      "median_abs_epsilon_precision_global": 0.14106464385986328,
      "median_abs_epsilon_precision_eq_species": 0.15405011177062988,
      "median_abs_epsilon_precision_HUMAN": 0.13835430145263672,
      "median_abs_epsilon_precision_YEAST": 0.16974592208862305,
      "mean_log2_empirical_HUMAN": -0.015427182530961214,
      "mean_log2_empirical_YEAST": -2.0348826096480197,
      "mean_abs_epsilon_precision_global": 0.20536550471068077,
      "mean_abs_epsilon_precision_eq_species": 0.21978187346454534,
      "mean_abs_epsilon_precision_HUMAN": 0.2017008784677308,
      "mean_abs_epsilon_precision_YEAST": 0.23786286846135987,
      "CV_median": 0.11844933242528823,
      "CV_q75": 0.19832013715912308,
      "CV_q90": 0.30182299395949774,
      "CV_q95": 0.379902322124382,
      "roc_auc": 0.995556898726059,
      "roc_auc_directional": 0.9965845598858181,
      "nr_prec": 28301,
      "nr_prec_HUMAN": 25433,
      "nr_prec_YEAST": 2868,
      "variance_epsilon_global": 0.12486438537805365
    },
    "5": {
      "median_abs_epsilon_global": 0.29139477265508285,
      "median_abs_epsilon_eq_species": 0.3128205009251532,
      "median_abs_epsilon_HUMAN": 0.2867026950183641,
      "median_abs_epsilon_YEAST": 0.33893830683194226,
      "mean_abs_epsilon_global": 0.3495416138677811,
      "mean_abs_epsilon_eq_species": 0.37138367281295537,
      "mean_abs_epsilon_HUMAN": 0.3429688908002232,
      "mean_abs_epsilon_YEAST": 0.3997984548256876,
      "median_log2_empirical_HUMAN": -0.0064792633056640625,
      "median_log2_empirical_YEAST": -2.0149292945861816,
      "median_abs_epsilon_precision_global": 0.15757036209106445,
      "median_abs_epsilon_precision_eq_species": 0.17447686195373535,
      "median_abs_epsilon_precision_HUMAN": 0.1529989242553711,
      "median_abs_epsilon_precision_YEAST": 0.1959547996520996,
      "mean_log2_empirical_HUMAN": -0.02238685665310856,
      "mean_log2_empirical_YEAST": -2.0083306342333347,
      "mean_abs_epsilon_precision_global": 0.23781009559536656,
      "mean_abs_epsilon_precision_eq_species": 0.2579380073371214,
      "mean_abs_epsilon_precision_HUMAN": 0.23175319454318646,
      "mean_abs_epsilon_precision_YEAST": 0.2841228201310564,
      "CV_median": 0.1283719904970856,
      "CV_q75": 0.2204120749577717,
      "CV_q90": 0.33892276144845584,
      "CV_q95": 0.4323057871944775,
      "roc_auc": 0.9926183508456996,
      "roc_auc_directional": 0.993879321958792,
      "nr_prec": 34343,
      "nr_prec_HUMAN": 30371,
      "nr_prec_YEAST": 3972,
      "variance_epsilon_global": 0.16903054853091512
    },
    "4": {
      "median_abs_epsilon_global": 0.30322033417852035,
      "median_abs_epsilon_eq_species": 0.33806974370774595,
      "median_abs_epsilon_HUMAN": 0.2951560641589891,
      "median_abs_epsilon_YEAST": 0.3809834232565028,
      "mean_abs_epsilon_global": 0.3864644757090974,
      "mean_abs_epsilon_eq_species": 0.42987427232967734,
      "mean_abs_epsilon_HUMAN": 0.37039879964147177,
      "mean_abs_epsilon_YEAST": 0.4893497450178829,
      "median_log2_empirical_HUMAN": -0.0078125,
      "median_log2_empirical_YEAST": -1.9875774383544922,
      "median_abs_epsilon_precision_global": 0.17338275909423828,
      "median_abs_epsilon_precision_eq_species": 0.20591068267822266,
      "median_abs_epsilon_precision_HUMAN": 0.16581153869628906,
      "median_abs_epsilon_precision_YEAST": 0.24600982666015625,
      "mean_log2_empirical_HUMAN": -0.030142021288904256,
      "mean_log2_empirical_YEAST": -1.9457065858253677,
      "mean_abs_epsilon_precision_global": 0.27893534486515104,
      "mean_abs_epsilon_precision_eq_species": 0.31816198146961444,
      "mean_abs_epsilon_precision_HUMAN": 0.26441782840641215,
      "mean_abs_epsilon_precision_YEAST": 0.37190613453281673,
      "CV_median": 0.13360994435769974,
      "CV_q75": 0.23215749181357243,
      "CV_q90": 0.36003533046029434,
      "CV_q95": 0.4596434679311623,
      "roc_auc": 0.9838561152725757,
      "roc_auc_directional": 0.9851971458696455,
      "nr_prec": 39197,
      "nr_prec_HUMAN": 33903,
      "nr_prec_YEAST": 5294,
      "variance_epsilon_global": 0.24528735769394908
    },
    "3": {
      "median_abs_epsilon_global": 0.3113122607532274,
      "median_abs_epsilon_eq_species": 0.34715008311603807,
      "median_abs_epsilon_HUMAN": 0.30224377167852035,
      "median_abs_epsilon_YEAST": 0.3920563945535558,
      "mean_abs_epsilon_global": 0.4124482933568141,
      "mean_abs_epsilon_eq_species": 0.45616380686291347,
      "mean_abs_epsilon_HUMAN": 0.3964709773377581,
      "mean_abs_epsilon_YEAST": 0.5158566363880688,
      "median_log2_empirical_HUMAN": -0.009954452514648438,
      "median_log2_empirical_YEAST": -1.9770784378051758,
      "median_abs_epsilon_precision_global": 0.18378353118896484,
      "median_abs_epsilon_precision_eq_species": 0.2156543731689453,
      "median_abs_epsilon_precision_HUMAN": 0.1748027801513672,
      "median_abs_epsilon_precision_YEAST": 0.25650596618652344,
      "mean_log2_empirical_HUMAN": -0.040153784904563235,
      "mean_log2_empirical_YEAST": -1.9235746432944996,
      "mean_abs_epsilon_precision_global": 0.30719946823475325,
      "mean_abs_epsilon_precision_eq_species": 0.34508058395096597,
      "mean_abs_epsilon_precision_HUMAN": 0.2933545306276973,
      "mean_abs_epsilon_precision_YEAST": 0.3968066372742346,
      "CV_median": 0.1372006933672195,
      "CV_q75": 0.239344717788215,
      "CV_q90": 0.3739701697946197,
      "CV_q95": 0.47902775562721295,
      "roc_auc": 0.9764302614577037,
      "roc_auc_directional": 0.9791997083171674,
      "nr_prec": 43526,
      "nr_prec_HUMAN": 36554,
      "nr_prec_YEAST": 6972,
      "variance_epsilon_global": 0.3023502608910187
    },
    "2": {
      "median_abs_epsilon_global": 0.31390530121953597,
      "median_abs_epsilon_eq_species": 0.35020088725422166,
      "median_abs_epsilon_HUMAN": 0.30530888093145003,
      "median_abs_epsilon_YEAST": 0.3950928935769933,
      "mean_abs_epsilon_global": 0.4229375516185607,
      "mean_abs_epsilon_eq_species": 0.46536348478642137,
      "mean_abs_epsilon_HUMAN": 0.40766265178723904,
      "mean_abs_epsilon_YEAST": 0.5230643177856037,
      "median_log2_empirical_HUMAN": -0.010123729705810547,
      "median_log2_empirical_YEAST": -1.9750003814697266,
      "median_abs_epsilon_precision_global": 0.18721818923950195,
      "median_abs_epsilon_precision_eq_species": 0.21837854385375977,
      "median_abs_epsilon_precision_HUMAN": 0.17871856689453125,
      "median_abs_epsilon_precision_YEAST": 0.2580385208129883,
      "mean_log2_empirical_HUMAN": -0.04031703548798135,
      "mean_log2_empirical_YEAST": -1.919357585654465,
      "mean_abs_epsilon_precision_global": 0.3187909670066457,