{
  "id": "Spectronaut_20251009_112755",
  "software_name": "Spectronaut",
  "software_version": "20.1.250624.92449",
  "search_engine": "Spectronaut",
  "search_engine_version": "20.1.250624.92449",
  "ident_fdr_psm": 0.01,
  "ident_fdr_peptide": null,
  "ident_fdr_protein": 0.01,
  "enable_match_between_runs": false,
  "precursor_mass_tolerance": "Dynamic",
  "fragment_mass_tolerance": "Dynamic",
  "enzyme": "Trypsin",
  "allowed_miscleavages": 2,
  "min_peptide_length": 7,
  "max_peptide_length": 52,
  "is_temporary": false,
  "intermediate_hash": "19525e795d412acde41fc81b345488e5b6e39e94",
  "results": {
    "6": {
      "median_abs_epsilon_global": 0.30254958151341976,
      "median_abs_epsilon_eq_species": 0.3773676731168874,
      "median_abs_epsilon_HUMAN": 0.28400418471748623,
      "median_abs_epsilon_YEAST": 0.4707311615162886,
      "mean_abs_epsilon_global": 0.41683043745650333,
      "mean_abs_epsilon_eq_species": 0.4917165669777366,
      "mean_abs_epsilon_HUMAN": 0.39252274951851246,
      "mean_abs_epsilon_YEAST": 0.5909103844369606,
      "median_log2_empirical_HUMAN": 0.02752948718085113,
      "median_log2_empirical_YEAST": -1.8804428455412348,
      "median_abs_epsilon_precision_global": 0.2086923203975326,
      "median_abs_epsilon_precision_eq_species": 0.23007731510639995,
      "median_abs_epsilon_precision_HUMAN": 0.20211871210888388,
      "median_abs_epsilon_precision_YEAST": 0.258035918103916,
      "mean_log2_empirical_HUMAN": -0.01541542455586299,
      "mean_log2_empirical_YEAST": -1.8176823831296292,
      "mean_abs_epsilon_precision_global": 0.32991772814123566,
      "mean_abs_epsilon_precision_eq_species": 0.36328075685939343,
      "mean_abs_epsilon_precision_HUMAN": 0.31908824481859627,
      "mean_abs_epsilon_precision_YEAST": 0.40747326890019053,
      "CV_median": 0.18268818303369638,
      "CV_q75": 0.32469141809755797,
      "CV_q90": 0.49824535819627447,
      "CV_q95": 0.6113025698033027,
      "roc_auc": 0.969972627481165,
      "roc_auc_directional": 0.97495660361473,
      "nr_prec": 36988,
      "nr_prec_HUMAN": 32456,
      "nr_prec_YEAST": 4532,
      "variance_epsilon_global": 0.3075146031262821
    },
    "5": {
      "median_abs_epsilon_global": 0.32209027644757915,
      "median_abs_epsilon_eq_species": 0.41092699396406956,
      "median_abs_epsilon_HUMAN": 0.29704118341994723,
      "median_abs_epsilon_YEAST": 0.5248128045081919,
      "mean_abs_epsilon_global": 0.4630410725266849,
      "mean_abs_epsilon_eq_species": 0.5582411310403601,
      "mean_abs_epsilon_HUMAN": 0.4250338696443844,
      "mean_abs_epsilon_YEAST": 0.6914483924363359,
      "median_log2_empirical_HUMAN": 0.02358460799326334,
      "median_log2_empirical_YEAST": -1.8266543251621938,
      "median_abs_epsilon_precision_global": 0.23022442938676613,
      "median_abs_epsilon_precision_eq_species": 0.26881855592821213,
      "median_abs_epsilon_precision_HUMAN": 0.21830588779848137,
      "median_abs_epsilon_precision_YEAST": 0.3193312240579429,
      "mean_log2_empirical_HUMAN": -0.028286014071079935,
      "mean_log2_empirical_YEAST": -1.7213173892053815,
      "mean_abs_epsilon_precision_global": 0.3740261177241601,
      "mean_abs_epsilon_precision_eq_species": 0.4238580053356798,
      "mean_abs_epsilon_precision_HUMAN": 0.35413148013644297,
      "mean_abs_epsilon_precision_YEAST": 0.49358453053491663,
      "CV_median": 0.1958965583018033,
      "CV_q75": 0.3510744045779905,
      "CV_q90": 0.5367400599205503,
      "CV_q95": 0.6537130785498082,
      "roc_auc": 0.9505574485856093,
      "roc_auc_directional": 0.95746742895497,
      "nr_prec": 41707,
      "nr_prec_HUMAN": 35757,
      "nr_prec_YEAST": 5950,
      "variance_epsilon_global": 0.4081175051303528
    },
    "4": {
      "median_abs_epsilon_global": 0.3370219697276452,
      "median_abs_epsilon_eq_species": 0.439592736793829,
      "median_abs_epsilon_HUMAN": 0.30556665757996526,
      "median_abs_epsilon_YEAST": 0.5736188160076927,
      "mean_abs_epsilon_global": 0.500246451869623,
      "mean_abs_epsilon_eq_species": 0.6130387514441533,
      "mean_abs_epsilon_HUMAN": 0.4471453454535213,
      "mean_abs_epsilon_YEAST": 0.7789321574347853,
      "median_log2_empirical_HUMAN": 0.020714455308323165,
      "median_log2_empirical_YEAST": -1.7815486015369357,
      "median_abs_epsilon_precision_global": 0.24539949491357382,
      "median_abs_epsilon_precision_eq_species": 0.3032609060212704,
      "median_abs_epsilon_precision_HUMAN": 0.2281645382298081,
      "median_abs_epsilon_precision_YEAST": 0.37835727381273276,
      "mean_log2_empirical_HUMAN": -0.03779156834663437,
      "mean_log2_empirical_YEAST": -1.6398452959296508,
      "mean_abs_epsilon_precision_global": 0.40814503386119527,
      "mean_abs_epsilon_precision_eq_species": 0.47297187638037574,
      "mean_abs_epsilon_precision_HUMAN": 0.37762542324756265,
      "mean_abs_epsilon_precision_YEAST": 0.5683183295131888,
      "CV_median": 0.20055619388622287,
      "CV_q75": 0.3600744075089361,
      "CV_q90": 0.5497542550725634,
      "CV_q95": 0.6685598321044735,
      "roc_auc": 0.9332918384962652,
      "roc_auc_directional": 0.9384915587550132,
      "nr_prec": 44481,
      "nr_prec_HUMAN": 37362,
      "nr_prec_YEAST": 7119,
      "variance_epsilon_global": 0.5002517730631229
    },
    "3": {
      "median_abs_epsilon_global": 0.3426582331866247,
      "median_abs_epsilon_eq_species": 0.44760482844230615,
      "median_abs_epsilon_HUMAN": 0.3101913910628301,
      "median_abs_epsilon_YEAST": 0.5850182658217822,
      "mean_abs_epsilon_global": 0.5137046692088677,
      "mean_abs_epsilon_eq_species": 0.6287735237131243,
      "mean_abs_epsilon_HUMAN": 0.45925876362947243,
      "mean_abs_epsilon_YEAST": 0.7982882837967763,
      "median_log2_empirical_HUMAN": 0.01866100081338029,
      "median_log2_empirical_YEAST": -1.769588354019374,
      "median_abs_epsilon_precision_global": 0.25113323482038263,
      "median_abs_epsilon_precision_eq_species": 0.310751561882354,
      "median_abs_epsilon_precision_HUMAN": 0.23324265700650848,
      "median_abs_epsilon_precision_YEAST": 0.3882604667581995,
      "mean_log2_empirical_HUMAN": -0.044415395992353585,
      "mean_log2_empirical_YEAST": -1.6207381620783763,
      "mean_abs_epsilon_precision_global": 0.42134439748060876,
      "mean_abs_epsilon_precision_eq_species": 0.48741346812821673,
      "mean_abs_epsilon_precision_HUMAN": 0.3900831982821323,
      "mean_abs_epsilon_precision_YEAST": 0.5847437379743011,
      "CV_median": 0.2029962603102891,
      "CV_q75": 0.3646102386532222,
      "CV_q90": 0.5561020216279273,
      "CV_q95": 0.6752241218963891,
      "roc_auc": 0.9282986534027935,
      "roc_auc_directional": 0.932361080771434,
      "nr_prec": 46323,
      "nr_prec_HUMAN": 38336,
      "nr_prec_YEAST": 7987,
      "variance_epsilon_global": 0.532390216545052
    },
    "2": {
      "median_abs_epsilon_global": 0.343566767225449,
      "median_abs_epsilon_eq_species": 0.4485559977213813,
      "median_abs_epsilon_HUMAN": 0.31099620431492103,
      "median_abs_epsilon_YEAST": 0.5861157911278416,
      "mean_abs_epsilon_global": 0.5160009594579831,
      "mean_abs_epsilon_eq_species": 0.6314941551197389,
      "mean_abs_epsilon_HUMAN": 0.461442048219122,
      "mean_abs_epsilon_YEAST": 0.8015462620203558,
      "median_log2_empirical_HUMAN": 0.018733870721213464,
      "median_log2_empirical_YEAST": -1.7679993999347037,
      "median_abs_epsilon_precision_global": 0.25247181457650103,
      "median_abs_epsilon_precision_eq_species": 0.31203250532606625,
      "median_abs_epsilon_precision_HUMAN": 0.23455638315936267,
      "median_abs_epsilon_precision_YEAST": 0.3895086274927698,
      "mean_log2_empirical_HUMAN": -0.04397610524833246,
      "mean_log2_empirical_YEAST": -1.617458801035011,
      "mean_abs_epsilon_precision_global": 0.4237913904590331,
      "mean_abs_epsilon_precision_eq_species": 0.4899670978104018,