{
  "id": "AlphaDIA_20260428_145106",
  "software_name": "AlphaDIA",
  "software_version": "2.1.0",
  "search_engine": "AlphaDIA",
  "search_engine_version": NaN,
  "ident_fdr_psm": 0.01,
  "ident_fdr_peptide": NaN,
  "ident_fdr_protein": 0.01,
  "enable_match_between_runs": false,
  "precursor_mass_tolerance": "[-5ppm, 5ppm]",
  "fragment_mass_tolerance": "[-10ppm, 10ppm]",
  "enzyme": "Trypsin",
  "allowed_miscleavages": 2,
  "min_peptide_length": 7,
  "max_peptide_length": 30,
  "is_temporary": false,
  "intermediate_hash": "1d6460eccc4bcd4a60b2c96f94ef35f5c9674599",
  "results": {
    "6": {
      "median_abs_epsilon_global": 0.240918380544894,
      "median_abs_epsilon_eq_species": 0.38147837598618806,
      "median_abs_epsilon_HUMAN": 0.22337633622319802,
      "median_abs_epsilon_YEAST": 0.539580415749178,
      "mean_abs_epsilon_global": 0.31574273962321203,
      "mean_abs_epsilon_eq_species": 0.43606571596567406,
      "mean_abs_epsilon_HUMAN": 0.29294470200042905,
      "mean_abs_epsilon_YEAST": 0.579186729930919,
      "median_log2_empirical_HUMAN": 0.052788416544595006,
      "median_log2_empirical_YEAST": -1.789313952128092,
      "median_abs_epsilon_precision_global": 0.161962032318116,
      "median_abs_epsilon_precision_eq_species": 0.163539091746012,
      "median_abs_epsilon_precision_HUMAN": 0.161667346954345,
      "median_abs_epsilon_precision_YEAST": 0.16541083653767802,
      "mean_log2_empirical_HUMAN": 0.013261082325226001,
      "mean_log2_empirical_YEAST": -1.766051920784844,
      "mean_abs_epsilon_precision_global": 0.225311806824493,
      "mean_abs_epsilon_precision_eq_species": 0.24727795246193002,
      "mean_abs_epsilon_precision_HUMAN": 0.221149800282663,
      "mean_abs_epsilon_precision_YEAST": 0.273406104641196,
      "CV_median": 0.112429062791289,
      "CV_q75": 0.178019915132439,
      "CV_q90": 0.25109478379744204,
      "CV_q95": 0.303818728418637,
      "variance_epsilon_global": 0.156500958960671,
      "nr_prec": 11300,
      "roc_auc": 0.986004433760683
    },
    "5": {
      "median_abs_epsilon_global": 0.25369189433883804,
      "median_abs_epsilon_eq_species": 0.39219967100157704,
      "median_abs_epsilon_HUMAN": 0.23166948807866602,
      "median_abs_epsilon_YEAST": 0.552729853924487,
      "mean_abs_epsilon_global": 0.331668368660171,
      "mean_abs_epsilon_eq_species": 0.45537924139399705,
      "mean_abs_epsilon_HUMAN": 0.305770623324884,
      "mean_abs_epsilon_YEAST": 0.60498785946311,
      "median_log2_empirical_HUMAN": 0.046813488006592005,
      "median_log2_empirical_YEAST": -1.7735967636108412,
      "median_abs_epsilon_precision_global": 0.17049201329548902,
      "median_abs_epsilon_precision_eq_species": 0.17603023846944102,
      "median_abs_epsilon_precision_HUMAN": 0.16908216476440502,
      "median_abs_epsilon_precision_YEAST": 0.18297831217447602,
      "mean_log2_empirical_HUMAN": 0.004760217179262,
      "mean_log2_empirical_YEAST": -1.740346357827057,
      "mean_abs_epsilon_precision_global": 0.237406239607647,
      "mean_abs_epsilon_precision_eq_species": 0.259881030712355,
      "mean_abs_epsilon_precision_HUMAN": 0.23270134662911401,
      "mean_abs_epsilon_precision_YEAST": 0.28706071479559603,
      "CV_median": 0.11613893922887701,
      "CV_q75": 0.18575771835892801,
      "CV_q90": 0.26439323382105,
      "CV_q95": 0.32256197994609803,
      "variance_epsilon_global": 0.176145706195577,
      "nr_prec": 13853,
      "roc_auc": 0.9858980067816371
    },
    "4": {
      "median_abs_epsilon_global": 0.269050501313123,
      "median_abs_epsilon_eq_species": 0.416362590387433,
      "median_abs_epsilon_HUMAN": 0.244510394857637,
      "median_abs_epsilon_YEAST": 0.5882147859172291,
      "mean_abs_epsilon_global": 0.356293661701975,
      "mean_abs_epsilon_eq_species": 0.49383208338015405,
      "mean_abs_epsilon_HUMAN": 0.32195171708319903,
      "mean_abs_epsilon_YEAST": 0.6657124496771091,
      "median_log2_empirical_HUMAN": 0.039734760920207,
      "median_log2_empirical_YEAST": -1.736463546752928,
      "median_abs_epsilon_precision_global": 0.18167932828267302,
      "median_abs_epsilon_precision_eq_species": 0.199008742968241,
      "median_abs_epsilon_precision_HUMAN": 0.178103049596151,
      "median_abs_epsilon_precision_YEAST": 0.219914436340332,
      "mean_log2_empirical_HUMAN": -0.003342903215354,
      "mean_log2_empirical_YEAST": -1.683194357119732,
      "mean_abs_epsilon_precision_global": 0.25652318898048304,
      "mean_abs_epsilon_precision_eq_species": 0.28991455246518505,
      "mean_abs_epsilon_precision_HUMAN": 0.24818570523197603,
      "mean_abs_epsilon_precision_YEAST": 0.331643399698395,
      "CV_median": 0.11779228562861001,
      "CV_q75": 0.18947106175769401,
      "CV_q90": 0.271778171779943,
      "CV_q95": 0.331458005749162,
      "variance_epsilon_global": 0.21459427211634802,
      "nr_prec": 16116,
      "roc_auc": 0.983416521584985
    },
    "3": {
      "median_abs_epsilon_global": 0.27778409175705104,
      "median_abs_epsilon_eq_species": 0.426899675795095,
      "median_abs_epsilon_HUMAN": 0.252938685291694,
      "median_abs_epsilon_YEAST": 0.600860666298495,
      "mean_abs_epsilon_global": 0.372763240703392,
      "mean_abs_epsilon_eq_species": 0.5120794119470631,
      "mean_abs_epsilon_HUMAN": 0.34037540664242905,
      "mean_abs_epsilon_YEAST": 0.683783417251697,
      "median_log2_empirical_HUMAN": 0.036448796590169,
      "median_log2_empirical_YEAST": -1.725691318511963,
      "median_abs_epsilon_precision_global": 0.18861230214436703,
      "median_abs_epsilon_precision_eq_species": 0.205061197280883,
      "median_abs_epsilon_precision_HUMAN": 0.185304323832193,
      "median_abs_epsilon_precision_YEAST": 0.22481807072957402,
      "mean_log2_empirical_HUMAN": -0.011354608253396,
      "mean_log2_empirical_YEAST": -1.664501436884531,
      "mean_abs_epsilon_precision_global": 0.274615517957838,
      "mean_abs_epsilon_precision_eq_species": 0.306693449920105,
      "mean_abs_epsilon_precision_HUMAN": 0.26715813000252503,
      "mean_abs_epsilon_precision_YEAST": 0.346228769837685,
      "CV_median": 0.11949355039885201,
      "CV_q75": 0.1930851092728,
      "CV_q90": 0.27850271346861605,
      "CV_q95": 0.34041910442364803,
      "variance_epsilon_global": 0.248433387703751,
      "nr_prec": 18867,
      "roc_auc": 0.9787573944833411
    },
    "2": {
      "median_abs_epsilon_global": 0.28325310031073103,
      "median_abs_epsilon_eq_species": 0.43257187485195203,
      "median_abs_epsilon_HUMAN": 0.25848633301885204,
      "median_abs_epsilon_YEAST": 0.606657416685051,
      "mean_abs_epsilon_global": 0.379067369493567,
      "mean_abs_epsilon_eq_species": 0.5222571096862411,
      "mean_abs_epsilon_HUMAN": 0.347541561148625,
      "mean_abs_epsilon_YEAST": 0.696972658223857,
      "median_log2_empirical_HUMAN": 0.035632769266763,
      "median_log2_empirical_YEAST": -1.719276110331216,
      "median_abs_epsilon_precision_global": 0.19307808081308903,
      "median_abs_epsilon_precision_eq_species": 0.20996824900309202,
      "median_abs_epsilon_precision_HUMAN": 0.18993759155273401,
      "median_abs_epsilon_precision_YEAST": 0.22999890645345103,
      "mean_log2_empirical_HUMAN": -0.009666683999237001,
      "mean_log2_empirical_YEAST": -1.6508014659915191,
      "mean_abs_epsilon_precision_global": 0.282549562852039,
      "mean_abs_epsilon_precision_eq_species": 0.31596038868319604,
      "mean_abs_epsilon_precision_HUMAN": 0.275193565904338,
      "mean_abs_epsilon_precision_YEAST": 0.35672721146205405,
      "CV_median": 0.12022934543624901,
      "CV_q75": 0.19564142717739802,
      "CV_q90": 0.283871052520418,
      "CV_q95": 0.349392705059123,
      "variance_epsilon_global": 0.25553533349844504,
      "nr_prec": 22176,
      "roc_auc": 0.9756222974798381
    },
    "1": {
      "median_abs_epsilon_global": 0.28325310031073103,
      "median_abs_epsilon_eq_species": 0.43257187485195203,