{
  "id": "AlphaDIA_20260428_145106",
  "software_name": "AlphaDIA",
  "software_version": "2.1.0",
  "search_engine": "AlphaDIA",
  "search_engine_version": NaN,
  "ident_fdr_psm": "0.01",
  "ident_fdr_peptide": NaN,
  "ident_fdr_protein": "0.01",
  "enable_match_between_runs": false,
  "precursor_mass_tolerance": "[-5ppm, 5ppm]",
  "fragment_mass_tolerance": "[-10ppm, 10ppm]",
  "enzyme": "trypsin",
  "allowed_miscleavages": "2 ",
  "min_peptide_length": "7",
  "max_peptide_length": "30",
  "is_temporary": false,
  "intermediate_hash": "1d6460eccc4bcd4a60b2c96f94ef35f5c9674599",
  "results": {
    "6": {
      "median_abs_epsilon_global": 0.24091838054489434,
      "median_abs_epsilon_eq_species": 0.38147837598618833,
      "median_abs_epsilon_HUMAN": 0.22337633622319808,
      "median_abs_epsilon_YEAST": 0.5395804157491786,
      "mean_abs_epsilon_global": 0.315742739623212,
      "mean_abs_epsilon_eq_species": 0.43606571596567434,
      "mean_abs_epsilon_HUMAN": 0.29294470200042955,
      "mean_abs_epsilon_YEAST": 0.5791867299309191,
      "median_log2_empirical_HUMAN": 0.05278841654459576,
      "median_log2_empirical_YEAST": -1.7893139521280927,
      "median_abs_epsilon_precision_global": 0.16196203231811612,
      "median_abs_epsilon_precision_eq_species": 0.16353909174601222,
      "median_abs_epsilon_precision_HUMAN": 0.1616673469543457,
      "median_abs_epsilon_precision_YEAST": 0.16541083653767874,
      "mean_log2_empirical_HUMAN": 0.013261082325226213,
      "mean_log2_empirical_YEAST": -1.7660519207848442,
      "mean_abs_epsilon_precision_global": 0.22531180682449387,
      "mean_abs_epsilon_precision_eq_species": 0.24727795246193002,
      "mean_abs_epsilon_precision_HUMAN": 0.22114980028266384,
      "mean_abs_epsilon_precision_YEAST": 0.2734061046411962,
      "CV_median": 0.11242906279128931,
      "CV_q75": 0.17801991513243964,
      "CV_q90": 0.2510947837974423,
      "CV_q95": 0.30381872841863744,
      "variance_epsilon_global": 0.15650095896067143,
      "nr_prec": 11300,
      "roc_auc": 0.9860044337606837
    },
    "5": {
      "median_abs_epsilon_global": 0.25369189433883876,
      "median_abs_epsilon_eq_species": 0.3921996710015771,
      "median_abs_epsilon_HUMAN": 0.23166948807866683,
      "median_abs_epsilon_YEAST": 0.5527298539244874,
      "mean_abs_epsilon_global": 0.3316683686601712,
      "mean_abs_epsilon_eq_species": 0.455379241393997,
      "mean_abs_epsilon_HUMAN": 0.3057706233248841,
      "mean_abs_epsilon_YEAST": 0.60498785946311,
      "median_log2_empirical_HUMAN": 0.046813488006592685,
      "median_log2_empirical_YEAST": -1.7735967636108416,
      "median_abs_epsilon_precision_global": 0.17049201329548946,
      "median_abs_epsilon_precision_eq_species": 0.176030238469441,
      "median_abs_epsilon_precision_HUMAN": 0.16908216476440519,
      "median_abs_epsilon_precision_YEAST": 0.1829783121744768,
      "mean_log2_empirical_HUMAN": 0.004760217179262774,
      "mean_log2_empirical_YEAST": -1.7403463578270577,
      "mean_abs_epsilon_precision_global": 0.23740623960764723,
      "mean_abs_epsilon_precision_eq_species": 0.2598810307123554,
      "mean_abs_epsilon_precision_HUMAN": 0.2327013466291147,
      "mean_abs_epsilon_precision_YEAST": 0.28706071479559614,
      "CV_median": 0.11613893922887733,
      "CV_q75": 0.18575771835892813,
      "CV_q90": 0.2643932338210502,
      "CV_q95": 0.3225619799460986,
      "variance_epsilon_global": 0.17614570619557735,
      "nr_prec": 13853,
      "roc_auc": 0.9858980067816377
    },
    "4": {
      "median_abs_epsilon_global": 0.2690505013131238,
      "median_abs_epsilon_eq_species": 0.41636259038743345,
      "median_abs_epsilon_HUMAN": 0.2445103948576376,
      "median_abs_epsilon_YEAST": 0.5882147859172293,
      "mean_abs_epsilon_global": 0.3562936617019758,
      "mean_abs_epsilon_eq_species": 0.49383208338015466,
      "mean_abs_epsilon_HUMAN": 0.3219517170831997,
      "mean_abs_epsilon_YEAST": 0.6657124496771096,
      "median_log2_empirical_HUMAN": 0.039734760920207,
      "median_log2_empirical_YEAST": -1.7364635467529288,
      "median_abs_epsilon_precision_global": 0.18167932828267386,
      "median_abs_epsilon_precision_eq_species": 0.19900874296824167,
      "median_abs_epsilon_precision_HUMAN": 0.1781030495961513,
      "median_abs_epsilon_precision_YEAST": 0.21991443634033203,
      "mean_log2_empirical_HUMAN": -0.0033429032153540717,
      "mean_log2_empirical_YEAST": -1.683194357119732,
      "mean_abs_epsilon_precision_global": 0.25652318898048326,
      "mean_abs_epsilon_precision_eq_species": 0.2899145524651858,
      "mean_abs_epsilon_precision_HUMAN": 0.24818570523197653,
      "mean_abs_epsilon_precision_YEAST": 0.3316433996983952,
      "CV_median": 0.11779228562861015,
      "CV_q75": 0.18947106175769485,
      "CV_q90": 0.27177817177994357,
      "CV_q95": 0.33145800574916284,
      "variance_epsilon_global": 0.21459427211634824,
      "nr_prec": 16116,
      "roc_auc": 0.9834165215849857
    },
    "3": {
      "median_abs_epsilon_global": 0.27778409175705165,
      "median_abs_epsilon_eq_species": 0.4268996757950952,
      "median_abs_epsilon_HUMAN": 0.2529386852916945,
      "median_abs_epsilon_YEAST": 0.6008606662984959,
      "mean_abs_epsilon_global": 0.37276324070339273,
      "mean_abs_epsilon_eq_species": 0.5120794119470635,
      "mean_abs_epsilon_HUMAN": 0.3403754066424294,
      "mean_abs_epsilon_YEAST": 0.6837834172516978,
      "median_log2_empirical_HUMAN": 0.03644879659016986,
      "median_log2_empirical_YEAST": -1.725691318511963,
      "median_abs_epsilon_precision_global": 0.1886123021443673,
      "median_abs_epsilon_precision_eq_species": 0.2050611972808838,
      "median_abs_epsilon_precision_HUMAN": 0.18530432383219342,
      "median_abs_epsilon_precision_YEAST": 0.22481807072957416,
      "mean_log2_empirical_HUMAN": -0.011354608253396868,
      "mean_log2_empirical_YEAST": -1.6645014368845317,
      "mean_abs_epsilon_precision_global": 0.2746155179578382,
      "mean_abs_epsilon_precision_eq_species": 0.3066934499201054,
      "mean_abs_epsilon_precision_HUMAN": 0.26715813000252575,
      "mean_abs_epsilon_precision_YEAST": 0.346228769837685,
      "CV_median": 0.11949355039885255,
      "CV_q75": 0.19308510927280015,
      "CV_q90": 0.2785027134686167,
      "CV_q95": 0.34041910442364864,
      "variance_epsilon_global": 0.24843338770375184,
      "nr_prec": 18867,
      "roc_auc": 0.9787573944833411
    },
    "2": {
      "median_abs_epsilon_global": 0.2832531003107314,
      "median_abs_epsilon_eq_species": 0.432571874851952,
      "median_abs_epsilon_HUMAN": 0.2584863330188524,
      "median_abs_epsilon_YEAST": 0.6066574166850516,
      "mean_abs_epsilon_global": 0.3790673694935677,
      "mean_abs_epsilon_eq_species": 0.5222571096862416,
      "mean_abs_epsilon_HUMAN": 0.3475415611486259,
      "mean_abs_epsilon_YEAST": 0.6969726582238572,
      "median_log2_empirical_HUMAN": 0.03563276926676373,
      "median_log2_empirical_YEAST": -1.7192761103312169,
      "median_abs_epsilon_precision_global": 0.19307808081308941,
      "median_abs_epsilon_precision_eq_species": 0.20996824900309274,
      "median_abs_epsilon_precision_HUMAN": 0.18993759155273438,
      "median_abs_epsilon_precision_YEAST": 0.2299989064534511,
      "mean_log2_empirical_HUMAN": -0.009666683999237837,
      "mean_log2_empirical_YEAST": -1.6508014659915191,
      "mean_abs_epsilon_precision_global": 0.2825495628520391,
      "mean_abs_epsilon_precision_eq_species": 0.31596038868319687,
      "mean_abs_epsilon_precision_HUMAN": 0.27519356590433874,
      "mean_abs_epsilon_precision_YEAST": 0.35672721146205494,
      "CV_median": 0.12022934543624975,
      "CV_q75": 0.19564142717739863,
      "CV_q90": 0.2838710525204184,
      "CV_q95": 0.3493927050591237,
      "variance_epsilon_global": 0.25553533349844565,
      "nr_prec": 22176,
      "roc_auc": 0.975622297479838
    },