{
  "id": "DIA-NN_20260430_083836",
  "software_name": "DIA-NN",
  "software_version": "2.5.0 Academia ",
  "search_engine": "DIA-NN",
  "search_engine_version": "2.5.0 Academia ",
  "ident_fdr_psm": "0.01",
  "ident_fdr_peptide": NaN,
  "ident_fdr_protein": NaN,
  "enable_match_between_runs": false,
  "precursor_mass_tolerance": "[-20.0 ppm, 20.0 ppm]",
  "fragment_mass_tolerance": "[-20.0 ppm, 20.0 ppm]",
  "enzyme": "Trypsin/P",
  "allowed_miscleavages": "2",
  "min_peptide_length": "7",
  "max_peptide_length": "30",
  "is_temporary": false,
  "intermediate_hash": "239b93c09a51038aab992c15c0702ff3658fe1c1",
  "results": {
    "6": {
      "median_abs_epsilon_global": 0.2816918559819159,
      "median_abs_epsilon_eq_species": 0.35247404058274595,
      "median_abs_epsilon_HUMAN": 0.271460118419243,
      "median_abs_epsilon_YEAST": 0.4334879627462489,
      "mean_abs_epsilon_global": 0.31087562778908573,
      "mean_abs_epsilon_eq_species": 0.37903100768243303,
      "mean_abs_epsilon_HUMAN": 0.29567800432748226,
      "mean_abs_epsilon_YEAST": 0.4623840110373838,
      "median_log2_empirical_HUMAN": -0.005047798156738281,
      "median_log2_empirical_YEAST": -1.8920564651489258,
      "median_abs_epsilon_precision_global": 0.1189122200012207,
      "median_abs_epsilon_precision_eq_species": 0.13635563850402832,
      "median_abs_epsilon_precision_HUMAN": 0.11596488952636719,
      "median_abs_epsilon_precision_YEAST": 0.15674638748168945,
      "mean_log2_empirical_HUMAN": -0.014180229436663687,
      "mean_log2_empirical_YEAST": -1.874803018901412,
      "mean_abs_epsilon_precision_global": 0.1632254691989613,
      "mean_abs_epsilon_precision_eq_species": 0.18139618665965546,
      "mean_abs_epsilon_precision_HUMAN": 0.15917367281213246,
      "mean_abs_epsilon_precision_YEAST": 0.20361870050717842,
      "CV_median": 0.09825499619936123,
      "CV_q75": 0.15874144286473135,
      "CV_q90": 0.23539333296959938,
      "CV_q95": 0.29131794151609425,
      "variance_epsilon_global": 0.09954336927561301,
      "nr_prec": 22092,
      "roc_auc": 0.9988791478872912
    },
    "5": {
      "median_abs_epsilon_global": 0.2902340267833937,
      "median_abs_epsilon_eq_species": 0.3638184734135565,
      "median_abs_epsilon_HUMAN": 0.27786308777959456,
      "median_abs_epsilon_YEAST": 0.44977385904751843,
      "mean_abs_epsilon_global": 0.33055266138823325,
      "mean_abs_epsilon_eq_species": 0.40135466119164254,
      "mean_abs_epsilon_HUMAN": 0.3130533698939705,
      "mean_abs_epsilon_YEAST": 0.48965595248931454,
      "median_log2_empirical_HUMAN": -0.009009361267089844,
      "median_log2_empirical_YEAST": -1.8749585151672363,
      "median_abs_epsilon_precision_global": 0.12981700897216797,
      "median_abs_epsilon_precision_eq_species": 0.1507265567779541,
      "median_abs_epsilon_precision_HUMAN": 0.12648868560791016,
      "median_abs_epsilon_precision_YEAST": 0.17496442794799805,
      "mean_log2_empirical_HUMAN": -0.024147127013048143,
      "mean_log2_empirical_YEAST": -1.8522567432345325,
      "mean_abs_epsilon_precision_global": 0.18548098849030278,
      "mean_abs_epsilon_precision_eq_species": 0.20625714908752638,
      "mean_abs_epsilon_precision_HUMAN": 0.18034599101237953,
      "mean_abs_epsilon_precision_YEAST": 0.23216830716267323,
      "CV_median": 0.10423976735750862,
      "CV_q75": 0.17174316425005287,
      "CV_q90": 0.2583307764545362,
      "CV_q95": 0.3228558886250581,
      "variance_epsilon_global": 0.12590173133211016,
      "nr_prec": 26441,
      "roc_auc": 0.9979620746464326
    },
    "4": {
      "median_abs_epsilon_global": 0.29966551316411605,
      "median_abs_epsilon_eq_species": 0.3854218192845282,
      "median_abs_epsilon_HUMAN": 0.28355175507695785,
      "median_abs_epsilon_YEAST": 0.4872918834920985,
      "mean_abs_epsilon_global": 0.3572780262479029,
      "mean_abs_epsilon_eq_species": 0.44352164096454366,
      "mean_abs_epsilon_HUMAN": 0.3321988932223441,
      "mean_abs_epsilon_YEAST": 0.5548443887067432,
      "median_log2_empirical_HUMAN": -0.011775016784667969,
      "median_log2_empirical_YEAST": -1.8443341255187988,
      "median_abs_epsilon_precision_global": 0.1420145034790039,
      "median_abs_epsilon_precision_eq_species": 0.17274785041809082,
      "median_abs_epsilon_precision_HUMAN": 0.1357889175415039,
      "median_abs_epsilon_precision_YEAST": 0.20970678329467773,
      "mean_log2_empirical_HUMAN": -0.03309018700870115,
      "mean_log2_empirical_YEAST": -1.7951283258665736,
      "mean_abs_epsilon_precision_global": 0.21369691625538834,
      "mean_abs_epsilon_precision_eq_species": 0.24766832193375588,
      "mean_abs_epsilon_precision_HUMAN": 0.2038182324261887,
      "mean_abs_epsilon_precision_YEAST": 0.291518411441323,
      "CV_median": 0.10782089338818548,
      "CV_q75": 0.179448827201944,
      "CV_q90": 0.27280066650512425,
      "CV_q95": 0.3435146413419833,
      "variance_epsilon_global": 0.1732591055491925,
      "nr_prec": 30202,
      "roc_auc": 0.9929277005624435
    },
    "3": {
      "median_abs_epsilon_global": 0.3061432217296828,
      "median_abs_epsilon_eq_species": 0.39313752134141294,
      "median_abs_epsilon_HUMAN": 0.2917104388538133,
      "median_abs_epsilon_YEAST": 0.4945646038290126,
      "mean_abs_epsilon_global": 0.37670702848899723,
      "mean_abs_epsilon_eq_species": 0.4607654462130677,
      "mean_abs_epsilon_HUMAN": 0.3538637614422799,
      "mean_abs_epsilon_YEAST": 0.5676671309838556,
      "median_log2_empirical_HUMAN": -0.015679359436035156,
      "median_log2_empirical_YEAST": -1.835866928100586,
      "median_abs_epsilon_precision_global": 0.15165996551513672,
      "median_abs_epsilon_precision_eq_species": 0.18020367622375488,
      "median_abs_epsilon_precision_HUMAN": 0.14641761779785156,
      "median_abs_epsilon_precision_YEAST": 0.2139897346496582,
      "mean_log2_empirical_HUMAN": -0.044989100705317066,
      "mean_log2_empirical_YEAST": -1.7837940941756933,
      "mean_abs_epsilon_precision_global": 0.23659103108309973,
      "mean_abs_epsilon_precision_eq_species": 0.26590010011808335,
      "mean_abs_epsilon_precision_HUMAN": 0.22862615488171142,
      "mean_abs_epsilon_precision_YEAST": 0.3031740453544553,
      "CV_median": 0.11108323155636184,
      "CV_q75": 0.18626632540536212,
      "CV_q90": 0.2855631206350697,
      "CV_q95": 0.36058357405145375,
      "variance_epsilon_global": 0.20359777328665488,
      "nr_prec": 35196,
      "roc_auc": 0.988937720236663
    },
    "2": {
      "median_abs_epsilon_global": 0.311558794045077,
      "median_abs_epsilon_eq_species": 0.39710528333482115,
      "median_abs_epsilon_HUMAN": 0.29747015488774886,
      "median_abs_epsilon_YEAST": 0.49674041178189343,
      "mean_abs_epsilon_global": 0.3905511565049742,
      "mean_abs_epsilon_eq_species": 0.47295567121838256,
      "mean_abs_epsilon_HUMAN": 0.3694011286014716,
      "mean_abs_epsilon_YEAST": 0.5765102138352936,
      "median_log2_empirical_HUMAN": -0.017750263214111328,
      "median_log2_empirical_YEAST": -1.8314399719238281,
      "median_abs_epsilon_precision_global": 0.15905427932739258,
      "median_abs_epsilon_precision_eq_species": 0.1844925880432129,
      "median_abs_epsilon_precision_HUMAN": 0.1533975601196289,
      "median_abs_epsilon_precision_YEAST": 0.21558761596679688,
      "mean_log2_empirical_HUMAN": -0.04884688983379921,
      "mean_log2_empirical_YEAST": -1.7746330167974,
      "mean_abs_epsilon_precision_global": 0.2534633409774682,
      "mean_abs_epsilon_precision_eq_species": 0.2790142790469666,
      "mean_abs_epsilon_precision_HUMAN": 0.24690541080810788,
      "mean_abs_epsilon_precision_YEAST": 0.3111231472858253,
      "CV_median": 0.11283740926125323,
      "CV_q75": 0.1910422211224843,
      "CV_q90": 0.29403213794118577,
      "CV_q95": 0.37560364777223276,
      "variance_epsilon_global": 0.22514253844228477,
      "nr_prec": 41037,
      "roc_auc": 0.985769870356967
    },