{
  "id": "FragPipe (DIA-NN quant)_20251027_134024",
  "software_name": "FragPipe (DIA-NN quant)",
  "software_version": "23.1",
  "search_engine": "MSFragger",
  "search_engine_version": "4.3",
  "ident_fdr_psm": "0.01",
  "ident_fdr_peptide": null,
  "ident_fdr_protein": "0.01",
  "enable_match_between_runs": false,
  "precursor_mass_tolerance": "[-20 ppm, 20 ppm]",
  "fragment_mass_tolerance": "[-20 ppm, 20 ppm]",
  "enzyme": "Trypsin/P",
  "allowed_miscleavages": 1,
  "min_peptide_length": 7,
  "max_peptide_length": 50,
  "is_temporary": false,
  "intermediate_hash": "47b6a176bde27925e227ab037951e6c675445863",
  "results": {
    "6": {
      "median_abs_epsilon_global": 0.2981686357669039,
      "median_abs_epsilon_eq_species": 0.4133455507239398,
      "median_abs_epsilon_HUMAN": 0.2766463543673451,
      "median_abs_epsilon_YEAST": 0.5500447470805345,
      "mean_abs_epsilon_global": 0.3776857522583403,
      "mean_abs_epsilon_eq_species": 0.5050859123760909,
      "mean_abs_epsilon_HUMAN": 0.3394996998002397,
      "mean_abs_epsilon_YEAST": 0.6706721249519422,
      "median_log2_empirical_HUMAN": -0.006775219069618643,
      "median_log2_empirical_YEAST": -1.777147476537646,
      "median_abs_epsilon_precision_global": 0.14419304626805562,
      "median_abs_epsilon_precision_eq_species": 0.17164247690870793,
      "median_abs_epsilon_precision_HUMAN": 0.13757155883220307,
      "median_abs_epsilon_precision_YEAST": 0.2057133949852128,
      "mean_log2_empirical_HUMAN": -0.04570700524889766,
      "mean_log2_empirical_YEAST": -1.672777476218818,
      "mean_abs_epsilon_precision_global": 0.23044876368775372,
      "mean_abs_epsilon_precision_eq_species": 0.284617107920099,
      "mean_abs_epsilon_precision_HUMAN": 0.21421271474940878,
      "mean_abs_epsilon_precision_YEAST": 0.35502150109078917,
      "CV_median": 0.11625908282020958,
      "CV_q75": 0.1939150702228662,
      "CV_q90": 0.29821087690353754,
      "CV_q95": 0.3800011051840283,
      "roc_auc": 0.9762417292622351,
      "roc_auc_directional": 0.9802484594331153,
      "nr_prec": 23867,
      "nr_prec_HUMAN": 21115,
      "nr_prec_YEAST": 2752,
      "variance_epsilon_global": 0.2174511028962077
    },
    "5": {
      "median_abs_epsilon_global": 0.3113596396626358,
      "median_abs_epsilon_eq_species": 0.437309947792023,
      "median_abs_epsilon_HUMAN": 0.2861227512024719,
      "median_abs_epsilon_YEAST": 0.5884971443815741,
      "mean_abs_epsilon_global": 0.4112003598228543,
      "mean_abs_epsilon_eq_species": 0.547099270272714,
      "mean_abs_epsilon_HUMAN": 0.36210496537448,
      "mean_abs_epsilon_YEAST": 0.732093575170948,
      "median_log2_empirical_HUMAN": -0.011606990713368681,
      "median_log2_empirical_YEAST": -1.7377625547823445,
      "median_abs_epsilon_precision_global": 0.15959191900721326,
      "median_abs_epsilon_precision_eq_species": 0.20133187193202362,
      "median_abs_epsilon_precision_HUMAN": 0.14895901670494727,
      "median_abs_epsilon_precision_YEAST": 0.2537047271591,
      "mean_log2_empirical_HUMAN": -0.05805280101274034,
      "mean_log2_empirical_YEAST": -1.6150602578744149,
      "mean_abs_epsilon_precision_global": 0.26233858193928505,
      "mean_abs_epsilon_precision_eq_species": 0.3248748341318787,
      "mean_abs_epsilon_precision_HUMAN": 0.23974648051216463,
      "mean_abs_epsilon_precision_YEAST": 0.41000318775159267,
      "CV_median": 0.12227383868577359,
      "CV_q75": 0.20734130127063596,
      "CV_q90": 0.32408388195975635,
      "CV_q95": 0.41496094406809086,
      "roc_auc": 0.9672443445599381,
      "roc_auc_directional": 0.9728392238630095,
      "nr_prec": 27439,
      "nr_prec_HUMAN": 23798,
      "nr_prec_YEAST": 3641,
      "variance_epsilon_global": 0.2796488362810131
    },
    "4": {
      "median_abs_epsilon_global": 0.32293226669641173,
      "median_abs_epsilon_eq_species": 0.4626621545278906,
      "median_abs_epsilon_HUMAN": 0.29281168327420115,
      "median_abs_epsilon_YEAST": 0.6325126257815801,
      "mean_abs_epsilon_global": 0.4413359478987342,
      "mean_abs_epsilon_eq_species": 0.588203456136964,
      "mean_abs_epsilon_HUMAN": 0.380488543021259,
      "mean_abs_epsilon_YEAST": 0.7959183692526691,
      "median_log2_empirical_HUMAN": -0.015167637864973216,
      "median_log2_empirical_YEAST": -1.6945082125863422,
      "median_abs_epsilon_precision_global": 0.1724584172679684,
      "median_abs_epsilon_precision_eq_species": 0.22743855924657952,
      "median_abs_epsilon_precision_HUMAN": 0.15736444728569854,
      "median_abs_epsilon_precision_YEAST": 0.2975126712074605,
      "mean_log2_empirical_HUMAN": -0.06771997963120754,
      "mean_log2_empirical_YEAST": -1.555433503816825,
      "mean_abs_epsilon_precision_global": 0.28992144495115824,
      "mean_abs_epsilon_precision_eq_species": 0.3617559244558187,
      "mean_abs_epsilon_precision_HUMAN": 0.26016032412181334,
      "mean_abs_epsilon_precision_YEAST": 0.4633515247898241,
      "CV_median": 0.12456204454960007,
      "CV_q75": 0.21362529299328922,
      "CV_q90": 0.33576935264452634,
      "CV_q95": 0.43050716014461665,
      "roc_auc": 0.9550005365009093,
      "roc_auc_directional": 0.9613328110848772,
      "nr_prec": 29747,
      "nr_prec_HUMAN": 25390,
      "nr_prec_YEAST": 4357,
      "variance_epsilon_global": 0.34268345870928574
    },
    "3": {
      "median_abs_epsilon_global": 0.3275640143233266,
      "median_abs_epsilon_eq_species": 0.4694956692879341,
      "median_abs_epsilon_HUMAN": 0.29668384893212296,
      "median_abs_epsilon_YEAST": 0.6423074896437453,
      "mean_abs_epsilon_global": 0.4568294722362486,
      "mean_abs_epsilon_eq_species": 0.6056929553243087,
      "mean_abs_epsilon_HUMAN": 0.39559736437392773,
      "mean_abs_epsilon_YEAST": 0.8157885462746896,
      "median_log2_empirical_HUMAN": -0.01756205242080444,
      "median_log2_empirical_YEAST": -1.6843597367983438,
      "median_abs_epsilon_precision_global": 0.1783527580147295,
      "median_abs_epsilon_precision_eq_species": 0.2341294125139184,
      "median_abs_epsilon_precision_HUMAN": 0.16188454520228568,
      "median_abs_epsilon_precision_YEAST": 0.3063742798255511,
      "mean_log2_empirical_HUMAN": -0.077325663236041,
      "mean_log2_empirical_YEAST": -1.5357094505820654,
      "mean_abs_epsilon_precision_global": 0.3064600775163979,
      "mean_abs_epsilon_precision_eq_species": 0.3782167725050013,
      "mean_abs_epsilon_precision_HUMAN": 0.2769443521266685,
      "mean_abs_epsilon_precision_YEAST": 0.4794891928833341,
      "CV_median": 0.12599285144405908,
      "CV_q75": 0.21671611320548306,
      "CV_q90": 0.3427722777829013,
      "CV_q95": 0.43966015266964753,
      "roc_auc": 0.9472028496624745,
      "roc_auc_directional": 0.9535197348978424,
      "nr_prec": 31403,
      "nr_prec_HUMAN": 26487,
      "nr_prec_YEAST": 4916,
      "variance_epsilon_global": 0.3769121402452178
    },
    "2": {
      "median_abs_epsilon_global": 0.32920024984022633,
      "median_abs_epsilon_eq_species": 0.4709206580143758,
      "median_abs_epsilon_HUMAN": 0.2981275116788348,
      "median_abs_epsilon_YEAST": 0.6437138043499169,
      "mean_abs_epsilon_global": 0.46093506539575974,
      "mean_abs_epsilon_eq_species": 0.6100945102713398,
      "mean_abs_epsilon_HUMAN": 0.40011106869906715,
      "mean_abs_epsilon_YEAST": 0.8200779518436123,
      "median_log2_empirical_HUMAN": -0.01788515586474304,
      "median_log2_empirical_YEAST": -1.6832003174133128,
      "median_abs_epsilon_precision_global": 0.18032047076673763,
      "median_abs_epsilon_precision_eq_species": 0.23565693802779553,
      "median_abs_epsilon_precision_HUMAN": 0.1637801768450089,
      "median_abs_epsilon_precision_YEAST": 0.30753369921058216,
      "mean_log2_empirical_HUMAN": -0.07883475708834475,
      "mean_log2_empirical_YEAST": -1.531446107569386,
      "mean_abs_epsilon_precision_global": 0.311238548628635,