{
  "id": "FragPipe (DIA-NN quant)_20251027_134024",
  "software_name": "FragPipe (DIA-NN quant)",
  "software_version": "23.1",
  "search_engine": "MSFragger",
  "search_engine_version": "4.3",
  "ident_fdr_psm": 0.01,
  "ident_fdr_peptide": NaN,
  "ident_fdr_protein": 0.01,
  "enable_match_between_runs": false,
  "precursor_mass_tolerance": "[-20 ppm, 20 ppm]",
  "fragment_mass_tolerance": "[-20 ppm, 20 ppm]",
  "enzyme": "Trypsin/P",
  "allowed_miscleavages": 1,
  "min_peptide_length": 7,
  "max_peptide_length": 50,
  "is_temporary": false,
  "intermediate_hash": "47b6a176bde27925e227ab037951e6c675445863",
  "results": {
    "6": {
      "median_abs_epsilon_global": 0.29785257718611946,
      "median_abs_epsilon_eq_species": 0.41219784364361617,
      "median_abs_epsilon_HUMAN": 0.27636571902679685,
      "median_abs_epsilon_YEAST": 0.5480299682604355,
      "mean_abs_epsilon_global": 0.37630237354649293,
      "mean_abs_epsilon_eq_species": 0.5013691876868971,
      "mean_abs_epsilon_HUMAN": 0.3386970814759118,
      "mean_abs_epsilon_YEAST": 0.6640412938978824,
      "median_log2_empirical_HUMAN": -0.006198490868504436,
      "median_log2_empirical_YEAST": -1.7779913183838385,
      "median_abs_epsilon_precision_global": 0.14380254258651703,
      "median_abs_epsilon_precision_eq_species": 0.1709541341437797,
      "median_abs_epsilon_precision_HUMAN": 0.13722448805945042,
      "median_abs_epsilon_precision_YEAST": 0.20468378022810896,
      "mean_log2_empirical_HUMAN": -0.045026823932439404,
      "mean_log2_empirical_YEAST": -1.6791704796601838,
      "mean_abs_epsilon_precision_global": 0.22932234749651162,
      "mean_abs_epsilon_precision_eq_species": 0.2810038512399017,
      "mean_abs_epsilon_precision_HUMAN": 0.21378266931509438,
      "mean_abs_epsilon_precision_YEAST": 0.34822503316470893,
      "CV_median": 0.11665746500959481,
      "CV_q75": 0.1942296240596194,
      "CV_q90": 0.298634431352919,
      "CV_q95": 0.380246356684253,
      "variance_epsilon_global": 0.21442929697346755,
      "nr_feature": 23662,
      "roc_auc": 0.9782669956824758
    },
    "5": {
      "median_abs_epsilon_global": 0.31105499213764654,
      "median_abs_epsilon_eq_species": 0.43609796327144584,
      "median_abs_epsilon_HUMAN": 0.2857949674813115,
      "median_abs_epsilon_YEAST": 0.5864009590615802,
      "mean_abs_epsilon_global": 0.40998468430893537,
      "mean_abs_epsilon_eq_species": 0.544121803895729,
      "mean_abs_epsilon_HUMAN": 0.36133815935768887,
      "mean_abs_epsilon_YEAST": 0.726905448433769,
      "median_log2_empirical_HUMAN": -0.011287078482352442,
      "median_log2_empirical_YEAST": -1.73903636893548,
      "median_abs_epsilon_precision_global": 0.15936569464677408,
      "median_abs_epsilon_precision_eq_species": 0.20027310468092097,
      "median_abs_epsilon_precision_HUMAN": 0.1487714082506244,
      "median_abs_epsilon_precision_YEAST": 0.2517748011112175,
      "mean_log2_empirical_HUMAN": -0.05731376739308501,
      "mean_log2_empirical_YEAST": -1.6200931925495758,
      "mean_abs_epsilon_precision_global": 0.261373612816229,
      "mean_abs_epsilon_precision_eq_species": 0.32214383538959135,
      "mean_abs_epsilon_precision_HUMAN": 0.23933452208717074,
      "mean_abs_epsilon_precision_YEAST": 0.404953148692012,
      "CV_median": 0.1225805533208105,
      "CV_q75": 0.2077354751799126,
      "CV_q90": 0.3245749024529069,
      "CV_q95": 0.4151893787363382,
      "variance_epsilon_global": 0.27697187261282485,
      "nr_feature": 27226,
      "roc_auc": 0.9689779069121686
    },
    "4": {
      "median_abs_epsilon_global": 0.32270550383146934,
      "median_abs_epsilon_eq_species": 0.4615670300164449,
      "median_abs_epsilon_HUMAN": 0.29265296429463505,
      "median_abs_epsilon_YEAST": 0.6304810957382547,
      "mean_abs_epsilon_global": 0.4402880495168296,
      "mean_abs_epsilon_eq_species": 0.5857758009635206,
      "mean_abs_epsilon_HUMAN": 0.3797960676904911,
      "mean_abs_epsilon_YEAST": 0.7917555342365501,
      "median_log2_empirical_HUMAN": -0.01470272219713209,
      "median_log2_empirical_YEAST": -1.6963262961913088,
      "median_abs_epsilon_precision_global": 0.17230676446595705,
      "median_abs_epsilon_precision_eq_species": 0.22625604623565554,
      "median_abs_epsilon_precision_HUMAN": 0.1572623647893483,
      "median_abs_epsilon_precision_YEAST": 0.2952497276819628,
      "mean_log2_empirical_HUMAN": -0.06697025019390168,
      "mean_log2_empirical_YEAST": -1.5594673284398506,
      "mean_abs_epsilon_precision_global": 0.2891584291020005,
      "mean_abs_epsilon_precision_eq_species": 0.3596807093651909,
      "mean_abs_epsilon_precision_HUMAN": 0.25983614971000635,
      "mean_abs_epsilon_precision_YEAST": 0.4595252690203755,
      "CV_median": 0.12504291793575067,
      "CV_q75": 0.2139875834518744,
      "CV_q90": 0.33623911595509115,
      "CV_q95": 0.4305858587283361,
      "variance_epsilon_global": 0.34045021624491206,
      "nr_feature": 29522,
      "roc_auc": 0.956420040381682
    },
    "3": {
      "median_abs_epsilon_global": 0.32720703512213317,
      "median_abs_epsilon_eq_species": 0.46804041451870754,
      "median_abs_epsilon_HUMAN": 0.29634845505439367,
      "median_abs_epsilon_YEAST": 0.6397323739830214,
      "mean_abs_epsilon_global": 0.4556669468159292,
      "mean_abs_epsilon_eq_species": 0.6032838726218352,
      "mean_abs_epsilon_HUMAN": 0.394722927054175,
      "mean_abs_epsilon_YEAST": 0.8118448181894955,
      "median_log2_empirical_HUMAN": -0.016976758964942107,
      "median_log2_empirical_YEAST": -1.6858872161559688,
      "median_abs_epsilon_precision_global": 0.17816810315622078,
      "median_abs_epsilon_precision_eq_species": 0.23327049877548944,
      "median_abs_epsilon_precision_HUMAN": 0.16169419708305277,
      "median_abs_epsilon_precision_YEAST": 0.3048468004679261,
      "mean_log2_empirical_HUMAN": -0.07634045297449837,
      "mean_log2_empirical_YEAST": -1.53952864443865,
      "mean_abs_epsilon_precision_global": 0.30556813230054836,
      "mean_abs_epsilon_precision_eq_species": 0.3761687265792988,
      "mean_abs_epsilon_precision_HUMAN": 0.2764204990638752,
      "mean_abs_epsilon_precision_YEAST": 0.4759169540947223,
      "CV_median": 0.1263504580591714,
      "CV_q75": 0.2170185739434628,
      "CV_q90": 0.343119208307094,
      "CV_q95": 0.43953490571523546,
      "variance_epsilon_global": 0.3738713294883955,
      "nr_feature": 31172,
      "roc_auc": 0.9486135056099397
    },
    "2": {
      "median_abs_epsilon_global": 0.32882953276999005,
      "median_abs_epsilon_eq_species": 0.470300248008602,
      "median_abs_epsilon_HUMAN": 0.29781226846350195,
      "median_abs_epsilon_YEAST": 0.642788227553702,
      "mean_abs_epsilon_global": 0.4598194109999429,
      "mean_abs_epsilon_eq_species": 0.6077333646726034,
      "mean_abs_epsilon_HUMAN": 0.3992834581726809,
      "mean_abs_epsilon_YEAST": 0.816183271172526,
      "median_log2_empirical_HUMAN": -0.017560800778630536,
      "median_log2_empirical_YEAST": -1.6840197776427974,
      "median_abs_epsilon_precision_global": 0.18030993076505109,
      "median_abs_epsilon_precision_eq_species": 0.2353286116910187,
      "median_abs_epsilon_precision_HUMAN": 0.1638199396243678,
      "median_abs_epsilon_precision_YEAST": 0.3068372837576696,
      "mean_log2_empirical_HUMAN": -0.07787203435666976,
      "mean_log2_empirical_YEAST": -1.535217267681321,
      "mean_abs_epsilon_precision_global": 0.31040591068265505,
      "mean_abs_epsilon_precision_eq_species": 0.3807344716664881,
      "mean_abs_epsilon_precision_HUMAN": 0.2816229166214704,
      "mean_abs_epsilon_precision_YEAST": 0.4798460267115059,
      "CV_median": 0.12683473936596812,
      "CV_q75": 0.21844479900621036,
      "CV_q90": 0.3460220151382182,
      "CV_q95": 0.44382704124500194,
      "variance_epsilon_global": 0.38160219190448325,
      "nr_feature": 32195,
      "roc_auc": 0.9462734701832767
    },