{
  "id": "DIA-NN_20251027_134317",
  "software_name": "DIA-NN",
  "software_version": "1.9.2",
  "search_engine": "DIA-NN",
  "search_engine_version": "1.9.2",
  "ident_fdr_psm": 0.01,
  "ident_fdr_peptide": NaN,
  "ident_fdr_protein": NaN,
  "enable_match_between_runs": true,
  "precursor_mass_tolerance": "[-15.0 ppm, 15.0 ppm]",
  "fragment_mass_tolerance": "[-20.0 ppm, 20.0 ppm]",
  "enzyme": "Trypsin/P",
  "allowed_miscleavages": 1,
  "min_peptide_length": 6,
  "max_peptide_length": 30,
  "is_temporary": false,
  "intermediate_hash": "484fc882d8b74eef29787e1db400d6d0af307d4d",
  "results": {
    "6": {
      "median_abs_epsilon_global": 0.24536767239590362,
      "median_abs_epsilon_eq_species": 0.35632805100287784,
      "median_abs_epsilon_HUMAN": 0.22945382216432486,
      "median_abs_epsilon_YEAST": 0.4832022798414308,
      "mean_abs_epsilon_global": 0.2983015048512438,
      "mean_abs_epsilon_eq_species": 0.3958207021285244,
      "mean_abs_epsilon_HUMAN": 0.27261308758182856,
      "mean_abs_epsilon_YEAST": 0.5190283166752202,
      "median_log2_empirical_HUMAN": 0.04460536466769227,
      "median_log2_empirical_YEAST": -1.846578555064859,
      "median_abs_epsilon_precision_global": 0.12466851512522581,
      "median_abs_epsilon_precision_eq_species": 0.14351613926102313,
      "median_abs_epsilon_precision_HUMAN": 0.12025031935099051,
      "median_abs_epsilon_precision_YEAST": 0.16678195917105576,
      "mean_log2_empirical_HUMAN": 0.03031381593101854,
      "mean_log2_empirical_YEAST": -1.8307080710692138,
      "mean_abs_epsilon_precision_global": 0.18572601674887262,
      "mean_abs_epsilon_precision_eq_species": 0.21030860242089502,
      "mean_abs_epsilon_precision_HUMAN": 0.1792504946369696,
      "mean_abs_epsilon_precision_YEAST": 0.24136671020482045,
      "CV_median": 0.09971782775984309,
      "CV_q75": 0.16596757743840507,
      "CV_q90": 0.2542614859637879,
      "CV_q95": 0.33025057336915276,
      "roc_auc": 0.993718139054755,
      "roc_auc_directional": 0.9952816930277818,
      "nr_prec": 24950,
      "nr_prec_HUMAN": 22349,
      "nr_prec_YEAST": 2601,
      "variance_epsilon_global": 0.13346719446648714
    },
    "5": {
      "median_abs_epsilon_global": 0.25877207525454204,
      "median_abs_epsilon_eq_species": 0.37108022274030533,
      "median_abs_epsilon_HUMAN": 0.23909098441353238,
      "median_abs_epsilon_YEAST": 0.5030694610670783,
      "mean_abs_epsilon_global": 0.33290438124644744,
      "mean_abs_epsilon_eq_species": 0.43265409319098136,
      "mean_abs_epsilon_HUMAN": 0.3013844575396749,
      "mean_abs_epsilon_YEAST": 0.5639237288422878,
      "median_log2_empirical_HUMAN": 0.04245722271901631,
      "median_log2_empirical_YEAST": -1.8283553285597414,
      "median_abs_epsilon_precision_global": 0.14010577142394798,
      "median_abs_epsilon_precision_eq_species": 0.16665532456937227,
      "median_abs_epsilon_precision_HUMAN": 0.13379709015960994,
      "median_abs_epsilon_precision_YEAST": 0.1995135589791346,
      "mean_log2_empirical_HUMAN": 0.021922788585550763,
      "mean_log2_empirical_YEAST": -1.8059114533053817,
      "mean_abs_epsilon_precision_global": 0.22341523726887236,
      "mean_abs_epsilon_precision_eq_species": 0.25580777738407023,
      "mean_abs_epsilon_precision_HUMAN": 0.2131795145465116,
      "mean_abs_epsilon_precision_YEAST": 0.2984360402216289,
      "CV_median": 0.10815196266745554,
      "CV_q75": 0.1855092506918554,
      "CV_q90": 0.297207089180063,
      "CV_q95": 0.3934837432886939,
      "roc_auc": 0.9894405161199785,
      "roc_auc_directional": 0.9914180343482967,
      "nr_prec": 30377,
      "nr_prec_HUMAN": 26730,
      "nr_prec_YEAST": 3647,
      "variance_epsilon_global": 0.1896983528469685
    },
    "4": {
      "median_abs_epsilon_global": 0.27265068460453656,
      "median_abs_epsilon_eq_species": 0.39494807085446965,
      "median_abs_epsilon_HUMAN": 0.24806378785974592,
      "median_abs_epsilon_YEAST": 0.5418323538491934,
      "mean_abs_epsilon_global": 0.3775297870921,
      "mean_abs_epsilon_eq_species": 0.49088508441419165,
      "mean_abs_epsilon_HUMAN": 0.33444692445724616,
      "mean_abs_epsilon_YEAST": 0.6473232443711372,
      "median_log2_empirical_HUMAN": 0.04038376669409338,
      "median_log2_empirical_YEAST": -1.8109069288407085,
      "median_abs_epsilon_precision_global": 0.15614954862905783,
      "median_abs_epsilon_precision_eq_species": 0.19394117225986784,
      "median_abs_epsilon_precision_HUMAN": 0.14551554006249834,
      "median_abs_epsilon_precision_YEAST": 0.24236680445723735,
      "mean_log2_empirical_HUMAN": 0.014258420163585082,
      "mean_log2_empirical_YEAST": -1.790426677615743,
      "mean_abs_epsilon_precision_global": 0.27017013043288096,
      "mean_abs_epsilon_precision_eq_species": 0.32227732654913754,
      "mean_abs_epsilon_precision_HUMAN": 0.2503657875781729,
      "mean_abs_epsilon_precision_YEAST": 0.3941888655201021,
      "CV_median": 0.11291374785596633,
      "CV_q75": 0.1972919685191964,
      "CV_q90": 0.32237344929980855,
      "CV_q95": 0.4340992721173329,
      "roc_auc": 0.9784730013331508,
      "roc_auc_directional": 0.9825312915734155,
      "nr_prec": 34677,
      "nr_prec_HUMAN": 29902,
      "nr_prec_YEAST": 4775,
      "variance_epsilon_global": 0.28061982807065955
    },
    "3": {
      "median_abs_epsilon_global": 0.27936181410129335,
      "median_abs_epsilon_eq_species": 0.40421016670980275,
      "median_abs_epsilon_HUMAN": 0.2541676764265842,
      "median_abs_epsilon_YEAST": 0.5542526569930213,
      "mean_abs_epsilon_global": 0.4017180626654898,
      "mean_abs_epsilon_eq_species": 0.5159772991559815,
      "mean_abs_epsilon_HUMAN": 0.3580786054883459,
      "mean_abs_epsilon_YEAST": 0.6738759928236169,
      "median_log2_empirical_HUMAN": 0.03947687448268766,
      "median_log2_empirical_YEAST": -1.8049222410120889,
      "median_abs_epsilon_precision_global": 0.1638029398510561,
      "median_abs_epsilon_precision_eq_species": 0.2027291207292099,
      "median_abs_epsilon_precision_HUMAN": 0.15302741745959025,
      "median_abs_epsilon_precision_YEAST": 0.25243082399882955,
      "mean_log2_empirical_HUMAN": 0.008012463815760523,
      "mean_log2_empirical_YEAST": -1.7875345547906107,
      "mean_abs_epsilon_precision_global": 0.29674496039814735,
      "mean_abs_epsilon_precision_eq_species": 0.35005194531105355,
      "mean_abs_epsilon_precision_HUMAN": 0.276385224443295,
      "mean_abs_epsilon_precision_YEAST": 0.42371866617881204,
      "CV_median": 0.11571289154639552,
      "CV_q75": 0.2044785737607381,
      "CV_q90": 0.33780855885043104,
      "CV_q95": 0.45869034976990875,
      "roc_auc": 0.9710045970659661,
      "roc_auc_directional": 0.9768694599991187,
      "nr_prec": 38252,
      "nr_prec_HUMAN": 32045,
      "nr_prec_YEAST": 6207,
      "variance_epsilon_global": 0.33677308878423734
    },
    "2": {
      "median_abs_epsilon_global": 0.2822808591592002,
      "median_abs_epsilon_eq_species": 0.40724392542574334,
      "median_abs_epsilon_HUMAN": 0.2571448118153933,
      "median_abs_epsilon_YEAST": 0.5573430390360934,
      "mean_abs_epsilon_global": 0.4126329245924789,
      "mean_abs_epsilon_eq_species": 0.526157676756454,
      "mean_abs_epsilon_HUMAN": 0.3694871738068175,
      "mean_abs_epsilon_YEAST": 0.6828281797060904,
      "median_log2_empirical_HUMAN": 0.038966489594961295,
      "median_log2_empirical_YEAST": -1.8037849371780963,
      "median_abs_epsilon_precision_global": 0.1673608503434192,
      "median_abs_epsilon_precision_eq_species": 0.20634433867099355,
      "median_abs_epsilon_precision_HUMAN": 0.15626408392192648,
      "median_abs_epsilon_precision_YEAST": 0.25642459342006063,
      "mean_log2_empirical_HUMAN": 0.005779056313173888,
      "mean_log2_empirical_YEAST": -1.7835491640156071,
      "mean_abs_epsilon_precision_global": 0.30879131171511826,
      "mean_abs_epsilon_precision_eq_species": 0.36147432574810634,