{
  "id": "DIA-NN_20251027_134832",
  "software_name": "DIA-NN",
  "software_version": "1.8.2 beta 8",
  "search_engine": "DIA-NN",
  "search_engine_version": "1.8.2 beta 8",
  "ident_fdr_psm": 0.01,
  "ident_fdr_peptide": NaN,
  "ident_fdr_protein": NaN,
  "enable_match_between_runs": true,
  "precursor_mass_tolerance": "[-15.0 ppm, 15.0 ppm]",
  "fragment_mass_tolerance": "[-20.0 ppm, 20.0 ppm]",
  "enzyme": "Trypsin/P",
  "allowed_miscleavages": 1,
  "min_peptide_length": 6,
  "max_peptide_length": 30,
  "is_temporary": false,
  "intermediate_hash": "59abded256fdd37389d6f2a42adf69aeb1702f1a",
  "results": {
    "6": {
      "median_abs_epsilon_global": 0.2967659392406693,
      "median_abs_epsilon_eq_species": 0.3794768330798834,
      "median_abs_epsilon_HUMAN": 0.2797924006011966,
      "median_abs_epsilon_YEAST": 0.4791612655585702,
      "mean_abs_epsilon_global": 0.3764009599394245,
      "mean_abs_epsilon_eq_species": 0.46054350051653126,
      "mean_abs_epsilon_HUMAN": 0.35459261172181245,
      "mean_abs_epsilon_YEAST": 0.5664943893112501,
      "median_log2_empirical_HUMAN": -0.0014625462110728904,
      "median_log2_empirical_YEAST": -1.85646109150351,
      "median_abs_epsilon_precision_global": 0.16111558951570792,
      "median_abs_epsilon_precision_eq_species": 0.17891297293719433,
      "median_abs_epsilon_precision_HUMAN": 0.15797582119579623,
      "median_abs_epsilon_precision_YEAST": 0.19985012467859242,
      "mean_log2_empirical_HUMAN": -0.043509465549833884,
      "mean_log2_empirical_YEAST": -1.8046116771374494,
      "mean_abs_epsilon_precision_global": 0.2521582363521813,
      "mean_abs_epsilon_precision_eq_species": 0.2836235150740068,
      "mean_abs_epsilon_precision_HUMAN": 0.24400295900467886,
      "mean_abs_epsilon_precision_YEAST": 0.32324407114333475,
      "CV_median": 0.13712065454927003,
      "CV_q75": 0.23922535360740008,
      "CV_q90": 0.3714040627876577,
      "CV_q95": 0.46966134523471764,
      "roc_auc": 0.9836175081192795,
      "roc_auc_directional": 0.985776529389435,
      "nr_prec": 26429,
      "nr_prec_HUMAN": 23709,
      "nr_prec_YEAST": 2720,
      "variance_epsilon_global": 0.2063010318419007
    },
    "5": {
      "median_abs_epsilon_global": 0.31489481393487484,
      "median_abs_epsilon_eq_species": 0.40427995413593004,
      "median_abs_epsilon_HUMAN": 0.2953636439094506,
      "median_abs_epsilon_YEAST": 0.5131962643624095,
      "mean_abs_epsilon_global": 0.4154314673720413,
      "mean_abs_epsilon_eq_species": 0.502823286137723,
      "mean_abs_epsilon_HUMAN": 0.38816277836873175,
      "mean_abs_epsilon_YEAST": 0.6174837939067143,
      "median_log2_empirical_HUMAN": -0.008482311897394013,
      "median_log2_empirical_YEAST": -1.8254330994124048,
      "median_abs_epsilon_precision_global": 0.18266803464346903,
      "median_abs_epsilon_precision_eq_species": 0.2120967712741617,
      "median_abs_epsilon_precision_HUMAN": 0.17575070209246935,
      "median_abs_epsilon_precision_YEAST": 0.24844284045585407,
      "mean_log2_empirical_HUMAN": -0.05901981236779663,
      "mean_log2_empirical_YEAST": -1.766651657550355,
      "mean_abs_epsilon_precision_global": 0.29315881913721126,
      "mean_abs_epsilon_precision_eq_species": 0.33014618314392274,
      "mean_abs_epsilon_precision_HUMAN": 0.28161772821592596,
      "mean_abs_epsilon_precision_YEAST": 0.37867463807191953,
      "CV_median": 0.14930630764418862,
      "CV_q75": 0.26614512783784816,
      "CV_q90": 0.4145002050270442,
      "CV_q95": 0.5249274477120482,
      "roc_auc": 0.9762592876687322,
      "roc_auc_directional": 0.9798792869124282,
      "nr_prec": 32310,
      "nr_prec_HUMAN": 28468,
      "nr_prec_YEAST": 3842,
      "variance_epsilon_global": 0.2728263124381289
    },
    "4": {
      "median_abs_epsilon_global": 0.3319183950271277,
      "median_abs_epsilon_eq_species": 0.43729629052275665,
      "median_abs_epsilon_HUMAN": 0.3057376323389889,
      "median_abs_epsilon_YEAST": 0.5688549487065244,
      "mean_abs_epsilon_global": 0.4568485174978154,
      "mean_abs_epsilon_eq_species": 0.5605876871393201,
      "mean_abs_epsilon_HUMAN": 0.41615084325384055,
      "mean_abs_epsilon_YEAST": 0.7050245310247995,
      "median_log2_empirical_HUMAN": -0.01326461680386437,
      "median_log2_empirical_YEAST": -1.7822021252644538,
      "median_abs_epsilon_precision_global": 0.20132696040819553,
      "median_abs_epsilon_precision_eq_species": 0.2470186419105982,
      "median_abs_epsilon_precision_HUMAN": 0.18867861567226285,
      "median_abs_epsilon_precision_YEAST": 0.30535866814893353,
      "mean_log2_empirical_HUMAN": -0.07216580887749786,
      "mean_log2_empirical_YEAST": -1.6938739397154967,
      "mean_abs_epsilon_precision_global": 0.3327577359582811,
      "mean_abs_epsilon_precision_eq_species": 0.38479928699852806,
      "mean_abs_epsilon_precision_HUMAN": 0.3123414351655689,
      "mean_abs_epsilon_precision_YEAST": 0.4572571388314873,
      "CV_median": 0.15499975405489752,
      "CV_q75": 0.2780100972807761,
      "CV_q90": 0.434167749414447,
      "CV_q95": 0.5461433565633178,
      "roc_auc": 0.9591473488430742,
      "roc_auc_directional": 0.9664323497887901,
      "nr_prec": 36200,
      "nr_prec_HUMAN": 31100,
      "nr_prec_YEAST": 5100,
      "variance_epsilon_global": 0.3615943009633638
    },
    "3": {
      "median_abs_epsilon_global": 0.33961548306248657,
      "median_abs_epsilon_eq_species": 0.4495887553108935,
      "median_abs_epsilon_HUMAN": 0.31183133505339367,
      "median_abs_epsilon_YEAST": 0.5873461755683933,
      "mean_abs_epsilon_global": 0.47711863750516215,
      "mean_abs_epsilon_eq_species": 0.5846863431407671,
      "mean_abs_epsilon_HUMAN": 0.4346204080319946,
      "mean_abs_epsilon_YEAST": 0.7347522782495396,
      "median_log2_empirical_HUMAN": -0.01574763495820708,
      "median_log2_empirical_YEAST": -1.7660980447583432,
      "median_abs_epsilon_precision_global": 0.21060645888696783,
      "median_abs_epsilon_precision_eq_species": 0.2590841535332289,
      "median_abs_epsilon_precision_HUMAN": 0.1966829619991577,
      "median_abs_epsilon_precision_YEAST": 0.3214853450673001,
      "mean_log2_empirical_HUMAN": -0.08238078616664735,
      "mean_log2_empirical_YEAST": -1.6676657678446989,
      "mean_abs_epsilon_precision_global": 0.3542361960641631,
      "mean_abs_epsilon_precision_eq_species": 0.40845341089465015,
      "mean_abs_epsilon_precision_HUMAN": 0.3328158671313556,
      "mean_abs_epsilon_precision_YEAST": 0.4840909546579447,
      "CV_median": 0.15809785863755899,
      "CV_q75": 0.28388708620812864,
      "CV_q90": 0.44342140683073794,
      "CV_q95": 0.5563939843217867,
      "roc_auc": 0.9495428915387208,
      "roc_auc_directional": 0.9577957823804174,
      "nr_prec": 39293,
      "nr_prec_HUMAN": 32838,
      "nr_prec_YEAST": 6455,
      "variance_epsilon_global": 0.4054891952220199
    },
    "2": {
      "median_abs_epsilon_global": 0.3422547710139966,
      "median_abs_epsilon_eq_species": 0.4529489682722771,
      "median_abs_epsilon_HUMAN": 0.31414203585279166,
      "median_abs_epsilon_YEAST": 0.5917559006917625,
      "mean_abs_epsilon_global": 0.4832361539331649,
      "mean_abs_epsilon_eq_species": 0.5923204447569376,
      "mean_abs_epsilon_HUMAN": 0.4401905016017203,
      "mean_abs_epsilon_YEAST": 0.7444503879121548,
      "median_log2_empirical_HUMAN": -0.016427463014229815,
      "median_log2_empirical_YEAST": -1.761440747950898,
      "median_abs_epsilon_precision_global": 0.21445131330859102,
      "median_abs_epsilon_precision_eq_species": 0.26360755330749797,
      "median_abs_epsilon_precision_HUMAN": 0.1996175891766221,
      "median_abs_epsilon_precision_YEAST": 0.32759751743837384,
      "mean_log2_empirical_HUMAN": -0.08286465580932977,
      "mean_log2_empirical_YEAST": -1.6580381227570107,
      "mean_abs_epsilon_precision_global": 0.3606699678671244,
      "mean_abs_epsilon_precision_eq_species": 0.41574812127780875,