{
  "id": "MaxQuant_20260429_122252",
  "software_name": "MaxQuant",
  "software_version": "2.7.5.0",
  "search_engine": "Andromeda",
  "search_engine_version": "nan",
  "ident_fdr_psm": "0.01",
  "ident_fdr_peptide": null,
  "ident_fdr_protein": "0.01",
  "enable_match_between_runs": false,
  "precursor_mass_tolerance": "[-4.5 ppm, 4.5 ppm]",
  "fragment_mass_tolerance": "[-20 ppm, 20 ppm]",
  "enzyme": "Trypsin/P",
  "allowed_miscleavages": "3",
  "min_peptide_length": "7",
  "max_peptide_length": null,
  "is_temporary": false,
  "intermediate_hash": "601cf4e2ba80aa84103611eec97353f0cabc7604",
  "results": {
    "6": {
      "median_abs_epsilon_global": 0.3777216820742838,
      "median_abs_epsilon_eq_species": 0.3785630910971793,
      "median_abs_epsilon_HUMAN": 0.377345590607303,
      "median_abs_epsilon_YEAST": 0.37978059158705557,
      "mean_abs_epsilon_global": 0.44606705439641436,
      "mean_abs_epsilon_eq_species": 0.4516462922212743,
      "mean_abs_epsilon_HUMAN": 0.4448237702014594,
      "mean_abs_epsilon_YEAST": 0.45846881424108915,
      "median_log2_empirical_HUMAN": -0.09493678993987231,
      "median_log2_empirical_YEAST": -1.9704590217069793,
      "median_abs_epsilon_precision_global": 0.21426026449705304,
      "median_abs_epsilon_precision_eq_species": 0.22268511021355497,
      "median_abs_epsilon_precision_HUMAN": 0.21259720542817817,
      "median_abs_epsilon_precision_YEAST": 0.23277301499893177,
      "mean_log2_empirical_HUMAN": -0.1142437618403235,
      "mean_log2_empirical_YEAST": -1.942598124197448,
      "mean_abs_epsilon_precision_global": 0.2966153539940912,
      "mean_abs_epsilon_precision_eq_species": 0.3107752923566659,
      "mean_abs_epsilon_precision_HUMAN": 0.293459935974576,
      "mean_abs_epsilon_precision_YEAST": 0.3280906487387559,
      "CV_median": 0.19463575024380775,
      "CV_q75": 0.29659974504588527,
      "CV_q90": 0.41782141749994905,
      "CV_q95": 0.5215314440989229,
      "variance_epsilon_global": 0.2345920071184508,
      "nr_prec": 12731,
      "roc_auc": 0.9872234092961298
    },
    "5": {
      "median_abs_epsilon_global": 0.39753537286118446,
      "median_abs_epsilon_eq_species": 0.4110366545296175,
      "median_abs_epsilon_HUMAN": 0.3945836961009993,
      "median_abs_epsilon_YEAST": 0.42748961295823573,
      "mean_abs_epsilon_global": 0.4813561600350121,
      "mean_abs_epsilon_eq_species": 0.511384260785485,
      "mean_abs_epsilon_HUMAN": 0.47291061168609216,
      "mean_abs_epsilon_YEAST": 0.5498579098848779,
      "median_log2_empirical_HUMAN": -0.09982932275063572,
      "median_log2_empirical_YEAST": -1.9271581959475714,
      "median_abs_epsilon_precision_global": 0.23675356661040858,
      "median_abs_epsilon_precision_eq_species": 0.2559005369560561,
      "median_abs_epsilon_precision_HUMAN": 0.23259543456540932,
      "median_abs_epsilon_precision_YEAST": 0.27920563934670284,
      "mean_log2_empirical_HUMAN": -0.12251805539746616,
      "mean_log2_empirical_YEAST": -1.8631526527589324,
      "mean_abs_epsilon_precision_global": 0.33646988681555884,
      "mean_abs_epsilon_precision_eq_species": 0.3675923264560991,
      "mean_abs_epsilon_precision_HUMAN": 0.32771655036898434,
      "mean_abs_epsilon_precision_YEAST": 0.4074681025432139,
      "CV_median": 0.20374225703178828,
      "CV_q75": 0.31598221072734045,
      "CV_q90": 0.4582585553389541,
      "CV_q95": 0.5890231448870223,
      "variance_epsilon_global": 0.31563042053862733,
      "nr_prec": 16582,
      "roc_auc": 0.9730576055836859
    },
    "4": {
      "median_abs_epsilon_global": 0.4174984338352742,
      "median_abs_epsilon_eq_species": 0.4440046072798704,
      "median_abs_epsilon_HUMAN": 0.40748888655020055,
      "median_abs_epsilon_YEAST": 0.48052032800954025,
      "mean_abs_epsilon_global": 0.5253659480517412,
      "mean_abs_epsilon_eq_species": 0.5883739069196583,
      "mean_abs_epsilon_HUMAN": 0.5032274269454596,
      "mean_abs_epsilon_YEAST": 0.673520386893857,
      "median_log2_empirical_HUMAN": -0.10591473341866386,
      "median_log2_empirical_YEAST": -1.8914779655161507,
      "median_abs_epsilon_precision_global": 0.2573615169605725,
      "median_abs_epsilon_precision_eq_species": 0.29266090663633504,
      "median_abs_epsilon_precision_HUMAN": 0.24842986445547677,
      "median_abs_epsilon_precision_YEAST": 0.3368919488171933,
      "mean_log2_empirical_HUMAN": -0.12950299852750644,
      "mean_log2_empirical_YEAST": -1.770527247918211,
      "mean_abs_epsilon_precision_global": 0.38382644278481476,
      "mean_abs_epsilon_precision_eq_species": 0.44646359694998194,
      "mean_abs_epsilon_precision_HUMAN": 0.3618182078818262,
      "mean_abs_epsilon_precision_YEAST": 0.5311089860181376,
      "CV_median": 0.20829410314525953,
      "CV_q75": 0.32645519805146866,
      "CV_q90": 0.48205154154501184,
      "CV_q95": 0.6287012135679981,
      "variance_epsilon_global": 0.4514845852932499,
      "nr_prec": 19515,
      "roc_auc": 0.9550969830743423
    },
    "3": {
      "median_abs_epsilon_global": 0.4316830521574383,
      "median_abs_epsilon_eq_species": 0.4655022588434807,
      "median_abs_epsilon_HUMAN": 0.4216900194797647,
      "median_abs_epsilon_YEAST": 0.5093144982071967,
      "mean_abs_epsilon_global": 0.5608877176812558,
      "mean_abs_epsilon_eq_species": 0.6391047784265012,
      "mean_abs_epsilon_HUMAN": 0.5330099364657874,
      "mean_abs_epsilon_YEAST": 0.7451996203872149,
      "median_log2_empirical_HUMAN": -0.10816739206880222,
      "median_log2_empirical_YEAST": -1.8583605408601862,
      "median_abs_epsilon_precision_global": 0.2733857300617455,
      "median_abs_epsilon_precision_eq_species": 0.31622896504637144,
      "median_abs_epsilon_precision_HUMAN": 0.26271574317845214,
      "median_abs_epsilon_precision_YEAST": 0.3697421869142907,
      "mean_log2_empirical_HUMAN": -0.136844841854253,
      "mean_log2_empirical_YEAST": -1.706603635684587,
      "mean_abs_epsilon_precision_global": 0.4225792562598198,
      "mean_abs_epsilon_precision_eq_species": 0.49654291134377765,
      "mean_abs_epsilon_precision_HUMAN": 0.39621745520668716,
      "mean_abs_epsilon_precision_YEAST": 0.5968683674808681,
      "CV_median": 0.2106919782362226,
      "CV_q75": 0.3341146055386893,
      "CV_q90": 0.49735892790006875,
      "CV_q95": 0.6505680231426396,
      "variance_epsilon_global": 0.5637980587440333,
      "nr_prec": 22114,
      "roc_auc": 0.940590327734719
    },
    "2": {
      "median_abs_epsilon_global": 0.44221537240771214,
      "median_abs_epsilon_eq_species": 0.48225307948885393,
      "median_abs_epsilon_HUMAN": 0.4324236081934648,
      "median_abs_epsilon_YEAST": 0.532082550784243,
      "mean_abs_epsilon_global": 0.59348364379673,
      "mean_abs_epsilon_eq_species": 0.6805574675175547,
      "mean_abs_epsilon_HUMAN": 0.5625217453889659,
      "mean_abs_epsilon_YEAST": 0.7985931896461437,
      "median_log2_empirical_HUMAN": -0.1096345669703922,
      "median_log2_empirical_YEAST": -1.8431829173838405,
      "median_abs_epsilon_precision_global": 0.2850686509025451,
      "median_abs_epsilon_precision_eq_species": 0.3300042404479906,
      "median_abs_epsilon_precision_HUMAN": 0.2736757680542592,
      "median_abs_epsilon_precision_YEAST": 0.386332712841722,
      "mean_log2_empirical_HUMAN": -0.13950683521242627,
      "mean_log2_empirical_YEAST": -1.6571996707752357,
      "mean_abs_epsilon_precision_global": 0.4578269735685732,
      "mean_abs_epsilon_precision_eq_species": 0.5391187342513983,
      "mean_abs_epsilon_precision_HUMAN": 0.42892107363107057,
      "mean_abs_epsilon_precision_YEAST": 0.6493163948717261,
      "CV_median": 0.2119703485045531,
      "CV_q75": 0.3373014199617156,
      "CV_q90": 0.5080244191152278,
      "CV_q95": 0.6674463503754327,
      "variance_epsilon_global": 0.6748491222369544,
      "nr_prec": 24479,
      "roc_auc": 0.9249703643807838
    },