{
  "id": "DIA-NN_20260428_145242",
  "software_name": "DIA-NN",
  "software_version": "2.1.0 Academia ",
  "search_engine": "DIA-NN",
  "search_engine_version": "2.1.0 Academia ",
  "ident_fdr_psm": "0.01",
  "ident_fdr_peptide": NaN,
  "ident_fdr_protein": NaN,
  "enable_match_between_runs": false,
  "precursor_mass_tolerance": "[-20.0 ppm, 20.0 ppm]",
  "fragment_mass_tolerance": "[-20.0 ppm, 20.0 ppm]",
  "enzyme": "Trypsin/P",
  "allowed_miscleavages": "2",
  "min_peptide_length": "7",
  "max_peptide_length": "30",
  "is_temporary": false,
  "intermediate_hash": "92df8c791895725a028762b4fd265c0ee069cd0a",
  "results": {
    "6": {
      "median_abs_epsilon_global": 0.28398281586797347,
      "median_abs_epsilon_eq_species": 0.35140306432542173,
      "median_abs_epsilon_HUMAN": 0.2739511157336961,
      "median_abs_epsilon_YEAST": 0.42885501291714734,
      "mean_abs_epsilon_global": 0.30646149257531846,
      "mean_abs_epsilon_eq_species": 0.37320634791712637,
      "mean_abs_epsilon_HUMAN": 0.29152941020104767,
      "mean_abs_epsilon_YEAST": 0.45488328563320507,
      "median_log2_empirical_HUMAN": -0.00873565673828125,
      "median_log2_empirical_YEAST": -1.8948650360107422,
      "median_abs_epsilon_precision_global": 0.11422157287597656,
      "median_abs_epsilon_precision_eq_species": 0.12914633750915527,
      "median_abs_epsilon_precision_HUMAN": 0.11163187026977539,
      "median_abs_epsilon_precision_YEAST": 0.14666080474853516,
      "mean_log2_empirical_HUMAN": -0.014644096233771236,
      "mean_log2_empirical_YEAST": -1.8781099648311221,
      "mean_abs_epsilon_precision_global": 0.15238877312303362,
      "mean_abs_epsilon_precision_eq_species": 0.17000645322521762,
      "mean_abs_epsilon_precision_HUMAN": 0.14844736596615002,
      "mean_abs_epsilon_precision_YEAST": 0.1915655404842852,
      "CV_median": 0.09379379112226184,
      "CV_q75": 0.15009667014030673,
      "CV_q90": 0.2193764779110043,
      "CV_q95": 0.26867941642131665,
      "variance_epsilon_global": 0.0889731742473778,
      "nr_prec": 19987,
      "roc_auc": 0.9991898022564133
    },
    "5": {
      "median_abs_epsilon_global": 0.2913990641895067,
      "median_abs_epsilon_eq_species": 0.361467427805036,
      "median_abs_epsilon_HUMAN": 0.2802792216602098,
      "median_abs_epsilon_YEAST": 0.4426556339498622,
      "mean_abs_epsilon_global": 0.3261405636136881,
      "mean_abs_epsilon_eq_species": 0.39419972686828864,
      "mean_abs_epsilon_HUMAN": 0.30937681069728856,
      "mean_abs_epsilon_YEAST": 0.4790226430392887,
      "median_log2_empirical_HUMAN": -0.012759208679199219,
      "median_log2_empirical_YEAST": -1.8831605911254883,
      "median_abs_epsilon_precision_global": 0.1259441375732422,
      "median_abs_epsilon_precision_eq_species": 0.14321327209472656,
      "median_abs_epsilon_precision_HUMAN": 0.12240028381347656,
      "median_abs_epsilon_precision_YEAST": 0.16402626037597656,
      "mean_log2_empirical_HUMAN": -0.02550123899745541,
      "mean_log2_empirical_YEAST": -1.8623961295542026,
      "mean_abs_epsilon_precision_global": 0.1752803083589127,
      "mean_abs_epsilon_precision_eq_species": 0.19644639264479813,
      "mean_abs_epsilon_precision_HUMAN": 0.17006685890980733,
      "mean_abs_epsilon_precision_YEAST": 0.22282592637978893,
      "CV_median": 0.09944456297470504,
      "CV_q75": 0.1626465477031191,
      "CV_q90": 0.24227133317486751,
      "CV_q95": 0.3025246344095194,
      "variance_epsilon_global": 0.1148749355134894,
      "nr_prec": 24328,
      "roc_auc": 0.9982628311204248
    },
    "4": {
      "median_abs_epsilon_global": 0.29930073273809066,
      "median_abs_epsilon_eq_species": 0.3794873424321112,
      "median_abs_epsilon_HUMAN": 0.28550297272832503,
      "median_abs_epsilon_YEAST": 0.47347171213589734,
      "mean_abs_epsilon_global": 0.34999608609310967,
      "mean_abs_epsilon_eq_species": 0.43044736746563794,
      "mean_abs_epsilon_HUMAN": 0.326809868915861,
      "mean_abs_epsilon_YEAST": 0.5340848660154149,
      "median_log2_empirical_HUMAN": -0.015707015991210938,
      "median_log2_empirical_YEAST": -1.8548436164855957,
      "median_abs_epsilon_precision_global": 0.137786865234375,
      "median_abs_epsilon_precision_eq_species": 0.16331696510314941,
      "median_abs_epsilon_precision_HUMAN": 0.13185501098632812,
      "median_abs_epsilon_precision_YEAST": 0.1947789192199707,
      "mean_log2_empirical_HUMAN": -0.03389323242046186,
      "mean_log2_empirical_YEAST": -1.813825285343258,
      "mean_abs_epsilon_precision_global": 0.2014487246101456,
      "mean_abs_epsilon_precision_eq_species": 0.2335894061999097,
      "mean_abs_epsilon_precision_HUMAN": 0.19218571709986942,
      "mean_abs_epsilon_precision_YEAST": 0.27499309529995,
      "CV_median": 0.10260082634963488,
      "CV_q75": 0.16968211580527323,
      "CV_q90": 0.2550301838594545,
      "CV_q95": 0.32009916114538506,
      "variance_epsilon_global": 0.15683374654590987,
      "nr_prec": 27963,
      "roc_auc": 0.9945054366491479
    },
    "3": {
      "median_abs_epsilon_global": 0.30549770844609847,
      "median_abs_epsilon_eq_species": 0.3855779834538397,
      "median_abs_epsilon_HUMAN": 0.2913127566638719,
      "median_abs_epsilon_YEAST": 0.4798432102438075,
      "mean_abs_epsilon_global": 0.36961838787317436,
      "mean_abs_epsilon_eq_species": 0.4483707574170196,
      "mean_abs_epsilon_HUMAN": 0.3485734233558074,
      "mean_abs_epsilon_YEAST": 0.5481680914782319,
      "median_log2_empirical_HUMAN": -0.0185394287109375,
      "median_log2_empirical_YEAST": -1.8486146926879883,
      "median_abs_epsilon_precision_global": 0.1464366912841797,
      "median_abs_epsilon_precision_eq_species": 0.1706092357635498,
      "median_abs_epsilon_precision_HUMAN": 0.1417083740234375,
      "median_abs_epsilon_precision_YEAST": 0.1995100975036621,
      "mean_log2_empirical_HUMAN": -0.04462568363032719,
      "mean_log2_empirical_YEAST": -1.800294406647428,
      "mean_abs_epsilon_precision_global": 0.22526157134080066,
      "mean_abs_epsilon_precision_eq_species": 0.2527633785817251,
      "mean_abs_epsilon_precision_HUMAN": 0.21791227428598017,
      "mean_abs_epsilon_precision_YEAST": 0.28761448287747,
      "CV_median": 0.10573292594197191,
      "CV_q75": 0.17628932610247666,
      "CV_q90": 0.26622537959316106,
      "CV_q95": 0.33706040211363464,
      "variance_epsilon_global": 0.1898235449633248,
      "nr_prec": 32726,
      "roc_auc": 0.9898953609489827
    },
    "2": {
      "median_abs_epsilon_global": 0.31043583405645003,
      "median_abs_epsilon_eq_species": 0.3896332450657782,
      "median_abs_epsilon_HUMAN": 0.29669195664556136,
      "median_abs_epsilon_YEAST": 0.482574533485995,
      "mean_abs_epsilon_global": 0.38339869670860005,
      "mean_abs_epsilon_eq_species": 0.4605684539953369,
      "mean_abs_epsilon_HUMAN": 0.36397229753280047,
      "mean_abs_epsilon_YEAST": 0.5571646104578734,
      "median_log2_empirical_HUMAN": -0.020532608032226562,
      "median_log2_empirical_YEAST": -1.8443431854248047,
      "median_abs_epsilon_precision_global": 0.1542682647705078,
      "median_abs_epsilon_precision_eq_species": 0.17661333084106445,
      "median_abs_epsilon_precision_HUMAN": 0.1496715545654297,
      "median_abs_epsilon_precision_YEAST": 0.20355510711669922,
      "mean_log2_empirical_HUMAN": -0.04855896343859272,
      "mean_log2_empirical_YEAST": -1.7913237466785974,
      "mean_abs_epsilon_precision_global": 0.24229079726307137,
      "mean_abs_epsilon_precision_eq_species": 0.2660179287570289,
      "mean_abs_epsilon_precision_HUMAN": 0.236317826193775,
      "mean_abs_epsilon_precision_YEAST": 0.29571803132028274,
      "CV_median": 0.10736568935915256,
      "CV_q75": 0.18061350689473332,
      "CV_q90": 0.27481170933150373,
      "CV_q95": 0.35054235144655854,
      "variance_epsilon_global": 0.2112070523985763,
      "nr_prec": 38353,
      "roc_auc": 0.9874905530942379
    },