{
  "id": "DIA-NN_20260309_102043",
  "software_name": "DIA-NN",
  "software_version": "1.9.2",
  "search_engine": "DIA-NN",
  "search_engine_version": "1.9.2",
  "ident_fdr_psm": 0.01,
  "ident_fdr_peptide": NaN,
  "ident_fdr_protein": NaN,
  "enable_match_between_runs": true,
  "precursor_mass_tolerance": "[-15.0 ppm, 15.0 ppm]",
  "fragment_mass_tolerance": "[-20.0 ppm, 20.0 ppm]",
  "enzyme": "Trypsin/P",
  "allowed_miscleavages": 1,
  "min_peptide_length": 6,
  "max_peptide_length": 30,
  "is_temporary": false,
  "intermediate_hash": "93f2eaa9153ab3ed5f747f8b5a23161b1772b529",
  "results": {
    "6": {
      "median_abs_epsilon_global": 0.24517527564588926,
      "median_abs_epsilon_eq_species": 0.35659008384676033,
      "median_abs_epsilon_HUMAN": 0.22958938470193624,
      "median_abs_epsilon_YEAST": 0.4835907829915844,
      "mean_abs_epsilon_global": 0.29906519610271054,
      "mean_abs_epsilon_eq_species": 0.3965551831210673,
      "mean_abs_epsilon_HUMAN": 0.27371440514862105,
      "mean_abs_epsilon_YEAST": 0.5193959610935136,
      "median_log2_empirical_HUMAN": 0.044388995483139126,
      "median_log2_empirical_YEAST": -1.8457107942576272,
      "median_abs_epsilon_precision_global": 0.12461902178297635,
      "median_abs_epsilon_precision_eq_species": 0.14378848327601368,
      "median_abs_epsilon_precision_HUMAN": 0.12025847213701724,
      "median_abs_epsilon_precision_YEAST": 0.16731849441501012,
      "mean_log2_empirical_HUMAN": 0.029054096757800955,
      "mean_log2_empirical_YEAST": -1.8309708042929884,
      "mean_abs_epsilon_precision_global": 0.18671700638930475,
      "mean_abs_epsilon_precision_eq_species": 0.21101544283217,
      "mean_abs_epsilon_precision_HUMAN": 0.18039856691040398,
      "mean_abs_epsilon_precision_YEAST": 0.24163231875393604,
      "CV_median": 0.09942548677760511,
      "CV_q75": 0.1656529071647988,
      "CV_q90": 0.2542882866045626,
      "CV_q95": 0.33103929200668314,
      "roc_auc": 0.9935993396316996,
      "roc_auc_directional": 0.995186459041711,
      "nr_prec": 25333,
      "nr_prec_HUMAN": 22719,
      "nr_prec_YEAST": 2614,
      "variance_epsilon_global": 0.13490708815836064
    },
    "5": {
      "median_abs_epsilon_global": 0.25850758384361094,
      "median_abs_epsilon_eq_species": 0.3716956272898075,
      "median_abs_epsilon_HUMAN": 0.23915250635221008,
      "median_abs_epsilon_YEAST": 0.5042387482274049,
      "mean_abs_epsilon_global": 0.3335491919027229,
      "mean_abs_epsilon_eq_species": 0.43324332457759074,
      "mean_abs_epsilon_HUMAN": 0.3024598104355039,
      "mean_abs_epsilon_YEAST": 0.5640268387196776,
      "median_log2_empirical_HUMAN": 0.04216621127112852,
      "median_log2_empirical_YEAST": -1.8274462354809113,
      "median_abs_epsilon_precision_global": 0.14006336219540394,
      "median_abs_epsilon_precision_eq_species": 0.16686571111065707,
      "median_abs_epsilon_precision_HUMAN": 0.1337859471468814,
      "median_abs_epsilon_precision_YEAST": 0.19994547507443272,
      "mean_log2_empirical_HUMAN": 0.020409438153760975,
      "mean_log2_empirical_YEAST": -1.8061871748020693,
      "mean_abs_epsilon_precision_global": 0.22422397520875134,
      "mean_abs_epsilon_precision_eq_species": 0.25629747109395645,
      "mean_abs_epsilon_precision_HUMAN": 0.21422193073724355,
      "mean_abs_epsilon_precision_YEAST": 0.29837301145066936,
      "CV_median": 0.10790057630354377,
      "CV_q75": 0.185141178858382,
      "CV_q90": 0.2971732922545722,
      "CV_q95": 0.39383975527698833,
      "roc_auc": 0.989249253676335,
      "roc_auc_directional": 0.9912281014448359,
      "nr_prec": 30793,
      "nr_prec_HUMAN": 27133,
      "nr_prec_YEAST": 3660,
      "variance_epsilon_global": 0.19094671733930568
    },
    "4": {
      "median_abs_epsilon_global": 0.272293548076456,
      "median_abs_epsilon_eq_species": 0.39546629951072537,
      "median_abs_epsilon_HUMAN": 0.24802418957336536,
      "median_abs_epsilon_YEAST": 0.5429084094480854,
      "mean_abs_epsilon_global": 0.3779947401654848,
      "mean_abs_epsilon_eq_species": 0.4919107920397735,
      "mean_abs_epsilon_HUMAN": 0.3352672987160824,
      "mean_abs_epsilon_YEAST": 0.6485542853634646,
      "median_log2_empirical_HUMAN": 0.04004691308885455,
      "median_log2_empirical_YEAST": -1.8103286220383552,
      "median_abs_epsilon_precision_global": 0.15598234013589085,
      "median_abs_epsilon_precision_eq_species": 0.19363060423631406,
      "median_abs_epsilon_precision_HUMAN": 0.14547271081774404,
      "median_abs_epsilon_precision_YEAST": 0.24178849765488408,
      "mean_log2_empirical_HUMAN": 0.012656412494844654,
      "mean_log2_empirical_YEAST": -1.789276615822437,
      "mean_abs_epsilon_precision_global": 0.27076365853229867,
      "mean_abs_epsilon_precision_eq_species": 0.3231757394788788,
      "mean_abs_epsilon_precision_HUMAN": 0.25110502322111666,
      "mean_abs_epsilon_precision_YEAST": 0.39524645573664086,
      "CV_median": 0.11261793387540128,
      "CV_q75": 0.1968456989433427,
      "CV_q90": 0.3221723912807871,
      "CV_q95": 0.4346223028936309,
      "roc_auc": 0.9783339361276711,
      "roc_auc_directional": 0.9821364190435727,
      "nr_prec": 35114,
      "nr_prec_HUMAN": 30325,
      "nr_prec_YEAST": 4789,
      "variance_epsilon_global": 0.28257951423225197
    },
    "3": {
      "median_abs_epsilon_global": 0.27888677646156645,
      "median_abs_epsilon_eq_species": 0.4044062783952122,
      "median_abs_epsilon_HUMAN": 0.2540424015469197,
      "median_abs_epsilon_YEAST": 0.5547701552435047,
      "mean_abs_epsilon_global": 0.4020788870388122,
      "mean_abs_epsilon_eq_species": 0.5168810210759405,
      "mean_abs_epsilon_HUMAN": 0.35880126597517664,
      "mean_abs_epsilon_YEAST": 0.6749607761767044,
      "median_log2_empirical_HUMAN": 0.039074226810827284,
      "median_log2_empirical_YEAST": -1.8040137840598582,
      "median_abs_epsilon_precision_global": 0.16367565058044953,
      "median_abs_epsilon_precision_eq_species": 0.20234696042248457,
      "median_abs_epsilon_precision_HUMAN": 0.15302103423770141,
      "median_abs_epsilon_precision_YEAST": 0.2516728866072677,
      "mean_log2_empirical_HUMAN": 0.006374706591356247,
      "mean_log2_empirical_YEAST": -1.786460879180126,
      "mean_abs_epsilon_precision_global": 0.2972468461926417,
      "mean_abs_epsilon_precision_eq_species": 0.35083226910030196,
      "mean_abs_epsilon_precision_HUMAN": 0.2770464409773312,
      "mean_abs_epsilon_precision_YEAST": 0.42461809722327265,
      "CV_median": 0.11536496544393923,
      "CV_q75": 0.2039910280943089,
      "CV_q90": 0.337694539445071,
      "CV_q95": 0.4592969210043915,
      "roc_auc": 0.9709182786808377,
      "roc_auc_directional": 0.97651099056031,
      "nr_prec": 38709,
      "nr_prec_HUMAN": 32488,
      "nr_prec_YEAST": 6221,
      "variance_epsilon_global": 0.33873358377964846
    },
    "2": {
      "median_abs_epsilon_global": 0.28199370028689097,
      "median_abs_epsilon_eq_species": 0.4074787530036032,
      "median_abs_epsilon_HUMAN": 0.25705486435880454,
      "median_abs_epsilon_YEAST": 0.5579026416484019,
      "mean_abs_epsilon_global": 0.4129525256010699,
      "mean_abs_epsilon_eq_species": 0.5270162782953695,
      "mean_abs_epsilon_HUMAN": 0.37016261960607505,
      "mean_abs_epsilon_YEAST": 0.6838699369846639,
      "median_log2_empirical_HUMAN": 0.03855470266739758,
      "median_log2_empirical_YEAST": -1.803489263968987,
      "median_abs_epsilon_precision_global": 0.1671785291959189,
      "median_abs_epsilon_precision_eq_species": 0.20628355217494132,
      "median_abs_epsilon_precision_HUMAN": 0.15626931122432453,
      "median_abs_epsilon_precision_YEAST": 0.2562977931255581,
      "mean_log2_empirical_HUMAN": 0.004061660007633435,
      "mean_log2_empirical_YEAST": -1.7825049029701154,
      "mean_abs_epsilon_precision_global": 0.30923491554474514,
      "mean_abs_epsilon_precision_eq_species": 0.362201428561309,