{
  "id": "FragPipe (DIA-NN quant)_20260428_145743",
  "software_name": "FragPipe (DIA-NN quant)",
  "software_version": "24.0",
  "search_engine": "MSFragger",
  "search_engine_version": "4.4",
  "ident_fdr_psm": "0.01",
  "ident_fdr_peptide": null,
  "ident_fdr_protein": "0.01",
  "enable_match_between_runs": false,
  "precursor_mass_tolerance": "[-20 ppm, 20 ppm]",
  "fragment_mass_tolerance": "[-20 ppm, 20 ppm]",
  "enzyme": "Trypsin/P",
  "allowed_miscleavages": "2",
  "min_peptide_length": "7",
  "max_peptide_length": "30",
  "is_temporary": false,
  "intermediate_hash": "94433e4a04666ded5f3f87ea5fb9f94c52196d4f",
  "results": {
    "6": {
      "median_abs_epsilon_global": 0.29551369665791183,
      "median_abs_epsilon_eq_species": 0.3612316627986644,
      "median_abs_epsilon_HUMAN": 0.2816364420196983,
      "median_abs_epsilon_YEAST": 0.44082688357763056,
      "mean_abs_epsilon_global": 0.3708908982404862,
      "mean_abs_epsilon_eq_species": 0.4472720186666468,
      "mean_abs_epsilon_HUMAN": 0.34808900265280673,
      "mean_abs_epsilon_YEAST": 0.5464550346804868,
      "median_log2_empirical_HUMAN": -0.004537659099772107,
      "median_log2_empirical_YEAST": -1.89352187895817,
      "median_abs_epsilon_precision_global": 0.1530574720601514,
      "median_abs_epsilon_precision_eq_species": 0.1754995394962129,
      "median_abs_epsilon_precision_HUMAN": 0.14806402154574627,
      "median_abs_epsilon_precision_YEAST": 0.2029350574466795,
      "mean_log2_empirical_HUMAN": -0.039926908695518216,
      "mean_log2_empirical_YEAST": -1.8271973281032408,
      "mean_abs_epsilon_precision_global": 0.24467487632244658,
      "mean_abs_epsilon_precision_eq_species": 0.2866063904669348,
      "mean_abs_epsilon_precision_HUMAN": 0.23215714940221593,
      "mean_abs_epsilon_precision_YEAST": 0.34105563153165364,
      "CV_median": 0.1267402958560602,
      "CV_q75": 0.21765770663755507,
      "CV_q90": 0.33978602718522666,
      "CV_q95": 0.43983339940981875,
      "variance_epsilon_global": 0.208408333461677,
      "nr_prec": 22758,
      "roc_auc": 0.9805765153040324
    },
    "5": {
      "median_abs_epsilon_global": 0.3082428433838462,
      "median_abs_epsilon_eq_species": 0.38108226896990244,
      "median_abs_epsilon_HUMAN": 0.2912860044290285,
      "median_abs_epsilon_YEAST": 0.47087853351077635,
      "mean_abs_epsilon_global": 0.4069353943148453,
      "mean_abs_epsilon_eq_species": 0.48870802418736914,
      "mean_abs_epsilon_HUMAN": 0.3773527922571825,
      "mean_abs_epsilon_YEAST": 0.6000632561175557,
      "median_log2_empirical_HUMAN": -0.009931985404138644,
      "median_log2_empirical_YEAST": -1.8710616369305946,
      "median_abs_epsilon_precision_global": 0.16845349512442542,
      "median_abs_epsilon_precision_eq_species": 0.20266306507419873,
      "median_abs_epsilon_precision_HUMAN": 0.1605992491769932,
      "median_abs_epsilon_precision_YEAST": 0.24472688097140427,
      "mean_log2_empirical_HUMAN": -0.05689594364097171,
      "mean_log2_empirical_YEAST": -1.7890022912111174,
      "mean_abs_epsilon_precision_global": 0.2825328139367769,
      "mean_abs_epsilon_precision_eq_species": 0.3306552380376487,
      "mean_abs_epsilon_precision_HUMAN": 0.2651237306720535,
      "mean_abs_epsilon_precision_YEAST": 0.39618674540324383,
      "CV_median": 0.13457777145220157,
      "CV_q75": 0.23604320326162803,
      "CV_q90": 0.3752344800133921,
      "CV_q95": 0.48662498686506517,
      "variance_epsilon_global": 0.2788015155067385,
      "nr_prec": 26086,
      "roc_auc": 0.9724348131226696
    },
    "4": {
      "median_abs_epsilon_global": 0.318248201363731,
      "median_abs_epsilon_eq_species": 0.40235720125841373,
      "median_abs_epsilon_HUMAN": 0.2976486756147322,
      "median_abs_epsilon_YEAST": 0.5070657269020953,
      "mean_abs_epsilon_global": 0.4382614767583822,
      "mean_abs_epsilon_eq_species": 0.532673417479689,
      "mean_abs_epsilon_HUMAN": 0.39873776175490216,
      "mean_abs_epsilon_YEAST": 0.6666090732044758,
      "median_log2_empirical_HUMAN": -0.012544981643086928,
      "median_log2_empirical_YEAST": -1.8440257266806563,
      "median_abs_epsilon_precision_global": 0.18028926087637487,
      "median_abs_epsilon_precision_eq_species": 0.2274015912196128,
      "median_abs_epsilon_precision_HUMAN": 0.16822272744941102,
      "median_abs_epsilon_precision_YEAST": 0.28658045498981455,
      "mean_log2_empirical_HUMAN": -0.06658724679467788,
      "mean_log2_empirical_YEAST": -1.7347600253922553,
      "mean_abs_epsilon_precision_global": 0.3141767537026037,
      "mean_abs_epsilon_precision_eq_species": 0.37417486760389074,
      "mean_abs_epsilon_precision_HUMAN": 0.28905971515362666,
      "mean_abs_epsilon_precision_YEAST": 0.4592900200541548,
      "CV_median": 0.13768099568049116,
      "CV_q75": 0.24487006264108555,
      "CV_q90": 0.3896053058937976,
      "CV_q95": 0.5049716506235622,
      "variance_epsilon_global": 0.34895210172780733,
      "nr_prec": 28113,
      "roc_auc": 0.9599933083062107
    },
    "3": {
      "median_abs_epsilon_global": 0.32290976714208364,
      "median_abs_epsilon_eq_species": 0.40809824030242087,
      "median_abs_epsilon_HUMAN": 0.3014002421272023,
      "median_abs_epsilon_YEAST": 0.5147962384776394,
      "mean_abs_epsilon_global": 0.4554232769832588,
      "mean_abs_epsilon_eq_species": 0.5510893446500205,
      "mean_abs_epsilon_HUMAN": 0.4153506820457119,
      "mean_abs_epsilon_YEAST": 0.6868280072543289,
      "median_log2_empirical_HUMAN": -0.014755719999676842,
      "median_log2_empirical_YEAST": -1.8384739797304297,
      "median_abs_epsilon_precision_global": 0.18570446523525597,
      "median_abs_epsilon_precision_eq_species": 0.2356684185614304,
      "median_abs_epsilon_precision_HUMAN": 0.17292060448018098,
      "median_abs_epsilon_precision_YEAST": 0.2984162326426798,
      "mean_log2_empirical_HUMAN": -0.07668534987920789,
      "mean_log2_empirical_YEAST": -1.7193811857548054,
      "mean_abs_epsilon_precision_global": 0.33288821384392814,
      "mean_abs_epsilon_precision_eq_species": 0.39364876914028324,
      "mean_abs_epsilon_precision_HUMAN": 0.3074368371964355,
      "mean_abs_epsilon_precision_YEAST": 0.479860701084131,
      "CV_median": 0.1393002988151721,
      "CV_q75": 0.24892859283057456,
      "CV_q90": 0.3980232625842719,
      "CV_q95": 0.5172723750114107,
      "variance_epsilon_global": 0.3882678626691268,
      "nr_prec": 29551,
      "roc_auc": 0.9521372264153043
    },
    "2": {
      "median_abs_epsilon_global": 0.32447735752446627,
      "median_abs_epsilon_eq_species": 0.4098373165489701,
      "median_abs_epsilon_HUMAN": 0.3028970103497922,
      "median_abs_epsilon_YEAST": 0.516777622748148,
      "mean_abs_epsilon_global": 0.45975187666595657,
      "mean_abs_epsilon_eq_species": 0.556065845615976,
      "mean_abs_epsilon_HUMAN": 0.41965168900417243,
      "mean_abs_epsilon_YEAST": 0.6924800022277797,
      "median_log2_empirical_HUMAN": -0.015042522030573657,
      "median_log2_empirical_YEAST": -1.8339226229894194,
      "median_abs_epsilon_precision_global": 0.18737896271948795,
      "median_abs_epsilon_precision_eq_species": 0.23746059400878305,
      "median_abs_epsilon_precision_HUMAN": 0.17452581583670757,
      "median_abs_epsilon_precision_YEAST": 0.30039537218085854,
      "mean_log2_empirical_HUMAN": -0.0773630781546438,
      "mean_log2_empirical_YEAST": -1.713201089215031,
      "mean_abs_epsilon_precision_global": 0.3377240925907736,
      "mean_abs_epsilon_precision_eq_species": 0.3985575878645695,
      "mean_abs_epsilon_precision_HUMAN": 0.3123961510346803,
      "mean_abs_epsilon_precision_YEAST": 0.48471902469445877,
      "CV_median": 0.13970281694819886,
      "CV_q75": 0.2502178717077599,
      "CV_q90": 0.401054152792794,
      "CV_q95": 0.5207367333654358,
      "variance_epsilon_global": 0.3974221455321909,
      "nr_prec": 30390,
      "roc_auc": 0.9499911339580431
    },