{
  "id": "DIA-NN_20260309_100905",
  "software_name": "DIA-NN",
  "software_version": "2.2.0 Academia ",
  "search_engine": "DIA-NN",
  "search_engine_version": "2.2.0 Academia ",
  "ident_fdr_psm": 0.01,
  "ident_fdr_peptide": NaN,
  "ident_fdr_protein": NaN,
  "enable_match_between_runs": true,
  "precursor_mass_tolerance": "[-1.9 ppm, 1.9 ppm]",
  "fragment_mass_tolerance": "[-6 ppm, 6 ppm]",
  "enzyme": "Trypsin/P",
  "allowed_miscleavages": 1,
  "min_peptide_length": 7,
  "max_peptide_length": 30,
  "is_temporary": false,
  "intermediate_hash": "d644caf80c8a22fbb206ce18c8be017e20bb89b1",
  "results": {
    "6": {
      "median_abs_epsilon_global": 0.28342777741582503,
      "median_abs_epsilon_eq_species": 0.30097515065965025,
      "median_abs_epsilon_HUMAN": 0.2798696185413133,
      "median_abs_epsilon_YEAST": 0.3220806827779872,
      "mean_abs_epsilon_global": 0.328010782489336,
      "mean_abs_epsilon_eq_species": 0.34898310325210613,
      "mean_abs_epsilon_HUMAN": 0.32267020984289335,
      "mean_abs_epsilon_YEAST": 0.37529599666131896,
      "median_log2_empirical_HUMAN": -0.006251335144042969,
      "median_log2_empirical_YEAST": -2.022808074951172,
      "median_abs_epsilon_precision_global": 0.14109134674072266,
      "median_abs_epsilon_precision_eq_species": 0.1549224853515625,
      "median_abs_epsilon_precision_HUMAN": 0.13840961456298828,
      "median_abs_epsilon_precision_YEAST": 0.17143535614013672,
      "mean_log2_empirical_HUMAN": -0.018354104353298074,
      "mean_log2_empirical_YEAST": -2.0158570286015514,
      "mean_abs_epsilon_precision_global": 0.20873479545869658,
      "mean_abs_epsilon_precision_eq_species": 0.22901383746411763,
      "mean_abs_epsilon_precision_HUMAN": 0.20357076529459242,
      "mean_abs_epsilon_precision_YEAST": 0.25445690963364287,
      "CV_median": 0.11793535328979925,
      "CV_q75": 0.197848683120863,
      "CV_q90": 0.3019844897413583,
      "CV_q95": 0.3808679927075209,
      "roc_auc": 0.9915164865282841,
      "roc_auc_directional": 0.9943455941958358,
      "nr_prec": 28744,
      "nr_prec_HUMAN": 25827,
      "nr_prec_YEAST": 2917,
      "variance_epsilon_global": 0.13360550498474955
    },
    "5": {
      "median_abs_epsilon_global": 0.29258877289922347,
      "median_abs_epsilon_eq_species": 0.31507284124192564,
      "median_abs_epsilon_HUMAN": 0.28755146515996566,
      "median_abs_epsilon_YEAST": 0.3425942173238856,
      "mean_abs_epsilon_global": 0.3532656499174354,
      "mean_abs_epsilon_eq_species": 0.3795935202724383,
      "mean_abs_epsilon_HUMAN": 0.34535145649058524,
      "mean_abs_epsilon_YEAST": 0.41383558405429133,
      "median_log2_empirical_HUMAN": -0.0075626373291015625,
      "median_log2_empirical_YEAST": -2.0112266540527344,
      "median_abs_epsilon_precision_global": 0.15778160095214844,
      "median_abs_epsilon_precision_eq_species": 0.17614030838012695,
      "median_abs_epsilon_precision_HUMAN": 0.1527996063232422,
      "median_abs_epsilon_precision_YEAST": 0.19948101043701172,
      "mean_log2_empirical_HUMAN": -0.025115936914233337,
      "mean_log2_empirical_YEAST": -1.9939445010710426,
      "mean_abs_epsilon_precision_global": 0.24057021363035327,
      "mean_abs_epsilon_precision_eq_species": 0.2649136633798771,
      "mean_abs_epsilon_precision_HUMAN": 0.2332525397206619,
      "mean_abs_epsilon_precision_YEAST": 0.29657478703909224,
      "CV_median": 0.12788481450325886,
      "CV_q75": 0.2198803033894676,
      "CV_q90": 0.3390414817629723,
      "CV_q95": 0.43281575739263456,
      "roc_auc": 0.9893647377997817,
      "roc_auc_directional": 0.9920722281242569,
      "nr_prec": 34821,
      "nr_prec_HUMAN": 30797,
      "nr_prec_YEAST": 4024,
      "variance_epsilon_global": 0.1762698202790554
    },
    "4": {
      "median_abs_epsilon_global": 0.30411869538457503,
      "median_abs_epsilon_eq_species": 0.3401682334456279,
      "median_abs_epsilon_HUMAN": 0.2957397128406297,
      "median_abs_epsilon_YEAST": 0.3845967540506261,
      "mean_abs_epsilon_global": 0.3896205930563468,
      "mean_abs_epsilon_eq_species": 0.43599288094987954,
      "mean_abs_epsilon_HUMAN": 0.3725070296563472,
      "mean_abs_epsilon_YEAST": 0.4994787322434119,
      "median_log2_empirical_HUMAN": -0.009032249450683594,
      "median_log2_empirical_YEAST": -1.9844398498535156,
      "median_abs_epsilon_precision_global": 0.17358684539794922,
      "median_abs_epsilon_precision_eq_species": 0.20716571807861328,
      "median_abs_epsilon_precision_HUMAN": 0.1655139923095703,
      "median_abs_epsilon_precision_YEAST": 0.24881744384765625,
      "mean_log2_empirical_HUMAN": -0.032852135440321124,
      "mean_log2_empirical_YEAST": -1.9349557150860541,
      "mean_abs_epsilon_precision_global": 0.2811838971886483,
      "mean_abs_epsilon_precision_eq_species": 0.3233389374342289,
      "mean_abs_epsilon_precision_HUMAN": 0.26562669726078175,
      "mean_abs_epsilon_precision_YEAST": 0.38105117760767604,
      "CV_median": 0.13309764756164716,
      "CV_q75": 0.2316879732183657,
      "CV_q90": 0.3600568332670593,
      "CV_q95": 0.45997284403008754,
      "roc_auc": 0.9811148224345283,
      "roc_auc_directional": 0.9836335696955798,
      "nr_prec": 39701,
      "nr_prec_HUMAN": 34350,
      "nr_prec_YEAST": 5351,
      "variance_epsilon_global": 0.25132053756239076
    },
    "3": {
      "median_abs_epsilon_global": 0.31196171296270003,
      "median_abs_epsilon_eq_species": 0.34912658161784865,
      "median_abs_epsilon_HUMAN": 0.3029569958385695,
      "median_abs_epsilon_YEAST": 0.3952961673971278,
      "mean_abs_epsilon_global": 0.41549893484415984,
      "mean_abs_epsilon_eq_species": 0.4620538337322587,
      "mean_abs_epsilon_HUMAN": 0.39853139317265723,
      "mean_abs_epsilon_YEAST": 0.5255762742918603,
      "median_log2_empirical_HUMAN": -0.011096954345703125,
      "median_log2_empirical_YEAST": -1.9738712310791016,
      "median_abs_epsilon_precision_global": 0.18369102478027344,
      "median_abs_epsilon_precision_eq_species": 0.21630287170410156,
      "median_abs_epsilon_precision_HUMAN": 0.17484569549560547,
      "median_abs_epsilon_precision_YEAST": 0.25776004791259766,
      "mean_log2_empirical_HUMAN": -0.04292072528857737,
      "mean_log2_empirical_YEAST": -1.9132012142119967,
      "mean_abs_epsilon_precision_global": 0.30947407005354177,
      "mean_abs_epsilon_precision_eq_species": 0.3501626934983385,
      "mean_abs_epsilon_precision_HUMAN": 0.29464456917727305,
      "mean_abs_epsilon_precision_YEAST": 0.405680817819404,
      "CV_median": 0.1366727590944323,
      "CV_q75": 0.23886622275039296,
      "CV_q90": 0.37384680744593457,
      "CV_q95": 0.47929144844435867,
      "roc_auc": 0.9737108411695091,
      "roc_auc_directional": 0.977474192843236,
      "nr_prec": 44052,
      "nr_prec_HUMAN": 37021,
      "nr_prec_YEAST": 7031,
      "variance_epsilon_global": 0.30881094054196
    },
    "2": {
      "median_abs_epsilon_global": 0.3148374557495117,
      "median_abs_epsilon_eq_species": 0.35201406478881836,
      "median_abs_epsilon_HUMAN": 0.3058919906616211,
      "median_abs_epsilon_YEAST": 0.3981361389160156,
      "mean_abs_epsilon_global": 0.4258379949218827,
      "mean_abs_epsilon_eq_species": 0.4711541294907676,
      "mean_abs_epsilon_HUMAN": 0.4095651245158414,
      "mean_abs_epsilon_YEAST": 0.5327431344656938,
      "median_log2_empirical_HUMAN": -0.011336803436279297,
      "median_log2_empirical_YEAST": -1.9721908569335938,
      "median_abs_epsilon_precision_global": 0.18717145919799805,
      "median_abs_epsilon_precision_eq_species": 0.21942496299743652,
      "median_abs_epsilon_precision_HUMAN": 0.17875957489013672,
      "median_abs_epsilon_precision_YEAST": 0.26009035110473633,
      "mean_log2_empirical_HUMAN": -0.043059127734780454,
      "mean_log2_empirical_YEAST": -1.908981961857431,
      "mean_abs_epsilon_precision_global": 0.32091310715947025,