{
  "id": "DIA-NN_20260428_145411",
  "software_name": "DIA-NN",
  "software_version": "2.2.0 Academia ",
  "search_engine": "DIA-NN",
  "search_engine_version": "2.2.0 Academia ",
  "ident_fdr_psm": "0.01",
  "ident_fdr_peptide": NaN,
  "ident_fdr_protein": NaN,
  "enable_match_between_runs": false,
  "precursor_mass_tolerance": "[-20.0 ppm, 20.0 ppm]",
  "fragment_mass_tolerance": "[-20.0 ppm, 20.0 ppm]",
  "enzyme": "Trypsin/P",
  "allowed_miscleavages": "2",
  "min_peptide_length": "7",
  "max_peptide_length": "30",
  "is_temporary": false,
  "intermediate_hash": "dfa7a079abb9b0e165d0ec18e8dac2f3bee3e39c",
  "results": {
    "6": {
      "median_abs_epsilon_global": 0.2888065005603563,
      "median_abs_epsilon_eq_species": 0.3489263721257147,
      "median_abs_epsilon_HUMAN": 0.27927881730229964,
      "median_abs_epsilon_YEAST": 0.41857392694912976,
      "mean_abs_epsilon_global": 0.3101982579307613,
      "mean_abs_epsilon_eq_species": 0.3718395335265464,
      "mean_abs_epsilon_HUMAN": 0.2964650991657657,
      "mean_abs_epsilon_YEAST": 0.4472139678873271,
      "median_log2_empirical_HUMAN": -0.014665603637695312,
      "median_log2_empirical_YEAST": -1.9046564102172852,
      "median_abs_epsilon_precision_global": 0.11560440063476562,
      "median_abs_epsilon_precision_eq_species": 0.12990522384643555,
      "median_abs_epsilon_precision_HUMAN": 0.11272811889648438,
      "median_abs_epsilon_precision_YEAST": 0.14708232879638672,
      "mean_log2_empirical_HUMAN": -0.020560583595596666,
      "mean_log2_empirical_YEAST": -1.8864975832117088,
      "mean_abs_epsilon_precision_global": 0.15264873589560243,
      "mean_abs_epsilon_precision_eq_species": 0.1711682386794119,
      "mean_abs_epsilon_precision_HUMAN": 0.14852274613434865,
      "mean_abs_epsilon_precision_YEAST": 0.19381373122447512,
      "CV_median": 0.09357567392248393,
      "CV_q75": 0.14962458481999094,
      "CV_q90": 0.219695942155195,
      "CV_q95": 0.2698520279151224,
      "variance_epsilon_global": 0.08822677176458038,
      "nr_prec": 20044,
      "roc_auc": 0.9992434032179576
    },
    "5": {
      "median_abs_epsilon_global": 0.29620033753545394,
      "median_abs_epsilon_eq_species": 0.3616667457371649,
      "median_abs_epsilon_HUMAN": 0.2857413913074266,
      "median_abs_epsilon_YEAST": 0.4375921001669032,
      "mean_abs_epsilon_global": 0.32977966767168926,
      "mean_abs_epsilon_eq_species": 0.39347854213483713,
      "mean_abs_epsilon_HUMAN": 0.31405926865783257,
      "mean_abs_epsilon_YEAST": 0.47289781561184174,
      "median_log2_empirical_HUMAN": -0.018774032592773438,
      "median_log2_empirical_YEAST": -1.888810634613037,
      "median_abs_epsilon_precision_global": 0.12652969360351562,
      "median_abs_epsilon_precision_eq_species": 0.14468002319335938,
      "median_abs_epsilon_precision_HUMAN": 0.1230001449584961,
      "median_abs_epsilon_precision_YEAST": 0.16635990142822266,
      "mean_log2_empirical_HUMAN": -0.03115393461605901,
      "mean_log2_empirical_YEAST": -1.8693588741969351,
      "mean_abs_epsilon_precision_global": 0.17543559300661604,
      "mean_abs_epsilon_precision_eq_species": 0.19709922202301777,
      "mean_abs_epsilon_precision_HUMAN": 0.1700891737002118,
      "mean_abs_epsilon_precision_YEAST": 0.22410927034582376,
      "CV_median": 0.09922359063249978,
      "CV_q75": 0.16176479047432415,
      "CV_q90": 0.24268563558081177,
      "CV_q95": 0.3012238983033676,
      "variance_epsilon_global": 0.11473090943432476,
      "nr_prec": 24391,
      "roc_auc": 0.9985783698925428
    },
    "4": {
      "median_abs_epsilon_global": 0.30462223542363753,
      "median_abs_epsilon_eq_species": 0.3808763690739569,
      "median_abs_epsilon_HUMAN": 0.29058605683477035,
      "median_abs_epsilon_YEAST": 0.47116668131314343,
      "mean_abs_epsilon_global": 0.3537496881363627,
      "mean_abs_epsilon_eq_species": 0.43142283829892003,
      "mean_abs_epsilon_HUMAN": 0.3312147310933821,
      "mean_abs_epsilon_YEAST": 0.5316309455044579,
      "median_log2_empirical_HUMAN": -0.021265029907226562,
      "median_log2_empirical_YEAST": -1.8602104187011719,
      "median_abs_epsilon_precision_global": 0.1381549835205078,
      "median_abs_epsilon_precision_eq_species": 0.16424965858459473,
      "median_abs_epsilon_precision_HUMAN": 0.13219594955444336,
      "median_abs_epsilon_precision_YEAST": 0.1963033676147461,
      "mean_log2_empirical_HUMAN": -0.03889762013911435,
      "mean_log2_empirical_YEAST": -1.8181477508327422,
      "mean_abs_epsilon_precision_global": 0.20199307808005418,
      "mean_abs_epsilon_precision_eq_species": 0.23553609406096548,
      "mean_abs_epsilon_precision_HUMAN": 0.19226139573371065,
      "mean_abs_epsilon_precision_YEAST": 0.2788107923882203,
      "CV_median": 0.10252198475654396,
      "CV_q75": 0.16910807504228825,
      "CV_q90": 0.2549505758994556,
      "CV_q95": 0.3204889878089392,
      "variance_epsilon_global": 0.15780029365886092,
      "nr_prec": 28077,
      "roc_auc": 0.9941912377447554
    },
    "3": {
      "median_abs_epsilon_global": 0.31056171906621566,
      "median_abs_epsilon_eq_species": 0.38744384725388853,
      "median_abs_epsilon_HUMAN": 0.29704433930547347,
      "median_abs_epsilon_YEAST": 0.4778433552023036,
      "mean_abs_epsilon_global": 0.37529097010976004,
      "mean_abs_epsilon_eq_species": 0.45051471852997166,
      "mean_abs_epsilon_HUMAN": 0.35509205801439303,
      "mean_abs_epsilon_YEAST": 0.5459373790455503,
      "median_log2_empirical_HUMAN": -0.024478912353515625,
      "median_log2_empirical_YEAST": -1.8508968353271484,
      "median_abs_epsilon_precision_global": 0.1474933624267578,
      "median_abs_epsilon_precision_eq_species": 0.17264080047607422,
      "median_abs_epsilon_precision_HUMAN": 0.14208412170410156,
      "median_abs_epsilon_precision_YEAST": 0.20319747924804688,
      "mean_log2_empirical_HUMAN": -0.051925549170984166,
      "mean_log2_empirical_YEAST": -1.8047358143289385,
      "mean_abs_epsilon_precision_global": 0.22780449983175777,
      "mean_abs_epsilon_precision_eq_species": 0.2556165394693547,
      "mean_abs_epsilon_precision_HUMAN": 0.220336473368964,
      "mean_abs_epsilon_precision_YEAST": 0.2908966055697454,
      "CV_median": 0.10565219433079506,
      "CV_q75": 0.17641828636362344,
      "CV_q90": 0.26701938464008634,
      "CV_q95": 0.3374390904042083,
      "variance_epsilon_global": 0.19494465286553045,
      "nr_prec": 32890,
      "roc_auc": 0.9891966010003316
    },
    "2": {
      "median_abs_epsilon_global": 0.3162570620837938,
      "median_abs_epsilon_eq_species": 0.3914390273838934,
      "median_abs_epsilon_HUMAN": 0.30312830460698714,
      "median_abs_epsilon_YEAST": 0.4797497501607997,
      "mean_abs_epsilon_global": 0.3891976478427929,
      "mean_abs_epsilon_eq_species": 0.4627266668237001,
      "mean_abs_epsilon_HUMAN": 0.3706056509045182,
      "mean_abs_epsilon_YEAST": 0.5548476827428821,
      "median_log2_empirical_HUMAN": -0.026384353637695312,
      "median_log2_empirical_YEAST": -1.8472766876220703,
      "median_abs_epsilon_precision_global": 0.15518665313720703,
      "median_abs_epsilon_precision_eq_species": 0.17852377891540527,
      "median_abs_epsilon_precision_HUMAN": 0.1504969596862793,
      "median_abs_epsilon_precision_YEAST": 0.20655059814453125,
      "mean_log2_empirical_HUMAN": -0.05530306119987963,
      "mean_log2_empirical_YEAST": -1.7957095990467389,
      "mean_abs_epsilon_precision_global": 0.2451119300756433,
      "mean_abs_epsilon_precision_eq_species": 0.2690635367241473,
      "mean_abs_epsilon_precision_HUMAN": 0.23905570623847533,
      "mean_abs_epsilon_precision_YEAST": 0.29907136720981925,
      "CV_median": 0.10721246120031327,
      "CV_q75": 0.18072221096671598,
      "CV_q90": 0.27564477986886926,
      "CV_q95": 0.352941158236403,
      "variance_epsilon_global": 0.2164587031661997,
      "nr_prec": 38523,
      "roc_auc": 0.9863931500548904
    },