{
  "id": "DIA-NN_20260428_145508",
  "software_name": "DIA-NN",
  "software_version": "2.3.0 Academia ",
  "search_engine": "DIA-NN",
  "search_engine_version": "2.3.0 Academia ",
  "ident_fdr_psm": "0.01",
  "ident_fdr_peptide": NaN,
  "ident_fdr_protein": NaN,
  "enable_match_between_runs": false,
  "precursor_mass_tolerance": "[-20.0 ppm, 20.0 ppm]",
  "fragment_mass_tolerance": "[-20.0 ppm, 20.0 ppm]",
  "enzyme": "Trypsin/P",
  "allowed_miscleavages": "2",
  "min_peptide_length": "7",
  "max_peptide_length": "30",
  "is_temporary": false,
  "intermediate_hash": "e4155ea19b653b078abc939766995e5d16d6776e",
  "results": {
    "6": {
      "median_abs_epsilon_global": 0.27382999909551253,
      "median_abs_epsilon_eq_species": 0.3553074069767889,
      "median_abs_epsilon_HUMAN": 0.2612386370960008,
      "median_abs_epsilon_YEAST": 0.449376176857577,
      "mean_abs_epsilon_global": 0.30677831071400824,
      "mean_abs_epsilon_eq_species": 0.38264260110958725,
      "mean_abs_epsilon_HUMAN": 0.28982074652942125,
      "mean_abs_epsilon_YEAST": 0.4754644556897533,
      "median_log2_empirical_HUMAN": 0.0057525634765625,
      "median_log2_empirical_YEAST": -1.876697063446045,
      "median_abs_epsilon_precision_global": 0.12092018127441406,
      "median_abs_epsilon_precision_eq_species": 0.13629603385925293,
      "median_abs_epsilon_precision_HUMAN": 0.11810302734375,
      "median_abs_epsilon_precision_YEAST": 0.15448904037475586,
      "mean_log2_empirical_HUMAN": -0.006901386289221473,
      "mean_log2_empirical_YEAST": -1.8630737349663478,
      "mean_abs_epsilon_precision_global": 0.1661203433629681,
      "mean_abs_epsilon_precision_eq_species": 0.18312854004429685,
      "mean_abs_epsilon_precision_HUMAN": 0.1623185864970722,
      "mean_abs_epsilon_precision_YEAST": 0.2039384935915215,
      "CV_median": 0.09888519002871748,
      "CV_q75": 0.16068702742489116,
      "CV_q90": 0.23808848270929028,
      "CV_q95": 0.2963297480612355,
      "variance_epsilon_global": 0.10228801949598366,
      "nr_prec": 22749,
      "roc_auc": 0.9988573680264843
    },
    "5": {
      "median_abs_epsilon_global": 0.2824493075671922,
      "median_abs_epsilon_eq_species": 0.3655143447667059,
      "median_abs_epsilon_HUMAN": 0.2679935122791063,
      "median_abs_epsilon_YEAST": 0.46303517725430554,
      "mean_abs_epsilon_global": 0.32661805922944637,
      "mean_abs_epsilon_eq_species": 0.4046786058590034,
      "mean_abs_epsilon_HUMAN": 0.3072243133221261,
      "mean_abs_epsilon_YEAST": 0.5021328983958807,
      "median_log2_empirical_HUMAN": 0.0017910003662109375,
      "median_log2_empirical_YEAST": -1.8631653785705566,
      "median_abs_epsilon_precision_global": 0.1321096420288086,
      "median_abs_epsilon_precision_eq_species": 0.15228962898254395,
      "median_abs_epsilon_precision_HUMAN": 0.12839126586914062,
      "median_abs_epsilon_precision_YEAST": 0.17618799209594727,
      "mean_log2_empirical_HUMAN": -0.016592882340000985,
      "mean_log2_empirical_YEAST": -1.8405824581310375,
      "mean_abs_epsilon_precision_global": 0.18830194325024407,
      "mean_abs_epsilon_precision_eq_species": 0.20929687838587668,
      "mean_abs_epsilon_precision_HUMAN": 0.18308585836560456,
      "mean_abs_epsilon_precision_YEAST": 0.23550789840614883,
      "CV_median": 0.10463976923895901,
      "CV_q75": 0.1739016344636308,
      "CV_q90": 0.262892349472139,
      "CV_q95": 0.32939444802165363,
      "variance_epsilon_global": 0.12913896200023003,
      "nr_prec": 27095,
      "roc_auc": 0.9978276582089819
    },
    "4": {
      "median_abs_epsilon_global": 0.29212719453008285,
      "median_abs_epsilon_eq_species": 0.38453224850874457,
      "median_abs_epsilon_HUMAN": 0.27527856826782227,
      "median_abs_epsilon_YEAST": 0.49378592874966687,
      "mean_abs_epsilon_global": 0.35425022148879387,
      "mean_abs_epsilon_eq_species": 0.44472588002412594,
      "mean_abs_epsilon_HUMAN": 0.328130973548247,
      "mean_abs_epsilon_YEAST": 0.5613207865000048,
      "median_log2_empirical_HUMAN": -0.0012292861938476562,
      "median_log2_empirical_YEAST": -1.8350105285644531,
      "median_abs_epsilon_precision_global": 0.14440059661865234,
      "median_abs_epsilon_precision_eq_species": 0.17411446571350098,
      "median_abs_epsilon_precision_HUMAN": 0.1380906105041504,
      "median_abs_epsilon_precision_YEAST": 0.21013832092285156,
      "mean_log2_empirical_HUMAN": -0.025146372582136454,
      "mean_log2_empirical_YEAST": -1.7885014182179608,
      "mean_abs_epsilon_precision_global": 0.2176202794111259,
      "mean_abs_epsilon_precision_eq_species": 0.24945188339800764,
      "mean_abs_epsilon_precision_HUMAN": 0.20843087343897726,
      "mean_abs_epsilon_precision_YEAST": 0.290472893357038,
      "CV_median": 0.10842657666192884,
      "CV_q75": 0.18210366044308926,
      "CV_q90": 0.2776552654395642,
      "CV_q95": 0.35138352525277183,
      "variance_epsilon_global": 0.1778033325311582,
      "nr_prec": 30953,
      "roc_auc": 0.9924862080978436
    },
    "3": {
      "median_abs_epsilon_global": 0.2993407870593797,
      "median_abs_epsilon_eq_species": 0.39199192006882994,
      "median_abs_epsilon_HUMAN": 0.28308159363896956,
      "median_abs_epsilon_YEAST": 0.5009022464986903,
      "mean_abs_epsilon_global": 0.37446845589723904,
      "mean_abs_epsilon_eq_species": 0.4631530815846736,
      "mean_abs_epsilon_HUMAN": 0.35050198634562524,
      "mean_abs_epsilon_YEAST": 0.575804176823722,
      "median_log2_empirical_HUMAN": -0.0043582916259765625,
      "median_log2_empirical_YEAST": -1.828474521636963,
      "median_abs_epsilon_precision_global": 0.15396690368652344,
      "median_abs_epsilon_precision_eq_species": 0.18079423904418945,
      "median_abs_epsilon_precision_HUMAN": 0.14766502380371094,
      "median_abs_epsilon_precision_YEAST": 0.21392345428466797,
      "mean_log2_empirical_HUMAN": -0.035716453235673705,
      "mean_log2_empirical_YEAST": -1.7753078691532542,
      "mean_abs_epsilon_precision_global": 0.24157276197107266,
      "mean_abs_epsilon_precision_eq_species": 0.26864001549846306,
      "mean_abs_epsilon_precision_HUMAN": 0.23425800473461145,
      "mean_abs_epsilon_precision_YEAST": 0.3030220262623146,
      "CV_median": 0.111872245716334,
      "CV_q75": 0.18891617968039326,
      "CV_q90": 0.29064922973385854,
      "CV_q95": 0.3664968995769825,
      "variance_epsilon_global": 0.2107873786956571,
      "nr_prec": 36037,
      "roc_auc": 0.9881204175759581
    },
    "2": {
      "median_abs_epsilon_global": 0.3041249027486903,
      "median_abs_epsilon_eq_species": 0.3969271846562323,
      "median_abs_epsilon_HUMAN": 0.2886911059680711,
      "median_abs_epsilon_YEAST": 0.5051632633443934,
      "mean_abs_epsilon_global": 0.388713691234996,
      "mean_abs_epsilon_eq_species": 0.47615584796129773,
      "mean_abs_epsilon_HUMAN": 0.36637483519498903,
      "mean_abs_epsilon_YEAST": 0.5859368607276064,
      "median_log2_empirical_HUMAN": -0.00542449951171875,
      "median_log2_empirical_YEAST": -1.8268795013427734,
      "median_abs_epsilon_precision_global": 0.16115283966064453,
      "median_abs_epsilon_precision_eq_species": 0.18646550178527832,
      "median_abs_epsilon_precision_HUMAN": 0.15574121475219727,
      "median_abs_epsilon_precision_YEAST": 0.21718978881835938,
      "mean_log2_empirical_HUMAN": -0.03884613277087216,
      "mean_log2_empirical_YEAST": -1.7652321100431647,
      "mean_abs_epsilon_precision_global": 0.259304698196132,
      "mean_abs_epsilon_precision_eq_species": 0.2831453693610927,
      "mean_abs_epsilon_precision_HUMAN": 0.2532141196812609,
      "mean_abs_epsilon_precision_YEAST": 0.31307661904092443,
      "CV_median": 0.11400129826742325,
      "CV_q75": 0.1939900539340514,
      "CV_q90": 0.30050439929699113,
      "CV_q95": 0.382407411187042,
      "variance_epsilon_global": 0.2345575257892534,
      "nr_prec": 41938,
      "roc_auc": 0.9850567761510624
    },