{
  "id": "DIA-NN_20260430_133814",
  "software_name": "DIA-NN",
  "software_version": "2.5.0 Academia ",
  "search_engine": "DIA-NN",
  "search_engine_version": "2.5.0 Academia ",
  "ident_fdr_psm": "0.01",
  "ident_fdr_peptide": NaN,
  "ident_fdr_protein": NaN,
  "enable_match_between_runs": true,
  "precursor_mass_tolerance": "[-20.0 ppm, 20.0 ppm]",
  "fragment_mass_tolerance": "[-20.0 ppm, 20.0 ppm]",
  "enzyme": "Trypsin/P",
  "allowed_miscleavages": "2",
  "min_peptide_length": "7",
  "max_peptide_length": "30",
  "is_temporary": false,
  "intermediate_hash": "f0ac6060f338dd531a8e4746317aa150113fce96",
  "results": {
    "6": {
      "median_abs_epsilon_global": 0.28930813325078597,
      "median_abs_epsilon_eq_species": 0.3718178935795721,
      "median_abs_epsilon_HUMAN": 0.2726617480579149,
      "median_abs_epsilon_YEAST": 0.47097403910122937,
      "mean_abs_epsilon_global": 0.344560652760125,
      "mean_abs_epsilon_eq_species": 0.4291833019631258,
      "mean_abs_epsilon_HUMAN": 0.31686441382380337,
      "mean_abs_epsilon_YEAST": 0.5415021901024483,
      "median_log2_empirical_HUMAN": -0.003772258758544922,
      "median_log2_empirical_YEAST": -1.8575019836425781,
      "median_abs_epsilon_precision_global": 0.1334996223449707,
      "median_abs_epsilon_precision_eq_species": 0.16337347030639648,
      "median_abs_epsilon_precision_HUMAN": 0.12662029266357422,
      "median_abs_epsilon_precision_YEAST": 0.20012664794921875,
      "mean_log2_empirical_HUMAN": -0.02685030228994605,
      "mean_log2_empirical_YEAST": -1.806847855103895,
      "mean_abs_epsilon_precision_global": 0.200983973234054,
      "mean_abs_epsilon_precision_eq_species": 0.23871074159636207,
      "mean_abs_epsilon_precision_HUMAN": 0.18863633816591563,
      "mean_abs_epsilon_precision_YEAST": 0.2887851450268085,
      "CV_median": 0.10557806795978779,
      "CV_q75": 0.17635656777620515,
      "CV_q90": 0.27067031221353144,
      "CV_q95": 0.3476735197260894,
      "variance_epsilon_global": 0.16340183605636796,
      "nr_prec": 26287,
      "roc_auc": 0.9948582638326636
    },
    "5": {
      "median_abs_epsilon_global": 0.2979484225574266,
      "median_abs_epsilon_eq_species": 0.3897765346318182,
      "median_abs_epsilon_HUMAN": 0.2791076327625047,
      "median_abs_epsilon_YEAST": 0.5004454365011317,
      "mean_abs_epsilon_global": 0.36955624785583674,
      "mean_abs_epsilon_eq_species": 0.4633135725202431,
      "mean_abs_epsilon_HUMAN": 0.3335865116080246,
      "mean_abs_epsilon_YEAST": 0.5930406334324616,
      "median_log2_empirical_HUMAN": -0.00647735595703125,
      "median_log2_empirical_YEAST": -1.8320064544677734,
      "median_abs_epsilon_precision_global": 0.14549970626831055,
      "median_abs_epsilon_precision_eq_species": 0.1827244758605957,
      "median_abs_epsilon_precision_HUMAN": 0.13472652435302734,
      "median_abs_epsilon_precision_YEAST": 0.23072242736816406,
      "mean_log2_empirical_HUMAN": -0.035573148315241096,
      "mean_log2_empirical_YEAST": -1.7647298951919574,
      "mean_abs_epsilon_precision_global": 0.22685967568790819,
      "mean_abs_epsilon_precision_eq_species": 0.27470483401490864,
      "mean_abs_epsilon_precision_HUMAN": 0.20850401406982064,
      "mean_abs_epsilon_precision_YEAST": 0.34090565395999667,
      "CV_median": 0.11091092118836528,
      "CV_q75": 0.18836567048664077,
      "CV_q90": 0.2959143861180731,
      "CV_q95": 0.3841865397566657,
      "variance_epsilon_global": 0.20899886914403853,
      "nr_prec": 29682,
      "roc_auc": 0.9896591382772855
    },
    "4": {
      "median_abs_epsilon_global": 0.3048797274890672,
      "median_abs_epsilon_eq_species": 0.4046056934147772,
      "median_abs_epsilon_HUMAN": 0.2831016207996141,
      "median_abs_epsilon_YEAST": 0.5261097660299403,
      "mean_abs_epsilon_global": 0.39351101584257053,
      "mean_abs_epsilon_eq_species": 0.4938017830122739,
      "mean_abs_epsilon_HUMAN": 0.35032977474564697,
      "mean_abs_epsilon_YEAST": 0.6372737912789008,
      "median_log2_empirical_HUMAN": -0.007996559143066406,
      "median_log2_empirical_YEAST": -1.8078536987304688,
      "median_abs_epsilon_precision_global": 0.15538978576660156,
      "median_abs_epsilon_precision_eq_species": 0.2011251449584961,
      "median_abs_epsilon_precision_HUMAN": 0.14221954345703125,
      "median_abs_epsilon_precision_YEAST": 0.26003074645996094,
      "mean_log2_empirical_HUMAN": -0.043131271525431815,
      "mean_log2_empirical_YEAST": -1.7307036897794839,
      "mean_abs_epsilon_precision_global": 0.25185863873657294,
      "mean_abs_epsilon_precision_eq_species": 0.30570058082975954,
      "mean_abs_epsilon_precision_HUMAN": 0.22867642617339265,
      "mean_abs_epsilon_precision_YEAST": 0.3827247354861264,
      "CV_median": 0.1138366414050411,
      "CV_q75": 0.19462557675508257,
      "CV_q90": 0.30695999157982795,
      "CV_q95": 0.4001281139419084,
      "variance_epsilon_global": 0.25755736375816235,
      "nr_prec": 32262,
      "roc_auc": 0.9829186181058256
    },
    "3": {
      "median_abs_epsilon_global": 0.3099437381091844,
      "median_abs_epsilon_eq_species": 0.41067153890427915,
      "median_abs_epsilon_HUMAN": 0.28812748444707503,
      "median_abs_epsilon_YEAST": 0.5332155933614833,
      "mean_abs_epsilon_global": 0.4108304205029649,
      "mean_abs_epsilon_eq_species": 0.509884331481164,
      "mean_abs_epsilon_HUMAN": 0.3694123287399649,
      "mean_abs_epsilon_YEAST": 0.650356334222363,
      "median_log2_empirical_HUMAN": -0.01045846939086914,
      "median_log2_empirical_YEAST": -1.8029489517211914,
      "median_abs_epsilon_precision_global": 0.16131353378295898,
      "median_abs_epsilon_precision_eq_species": 0.20679283142089844,
      "median_abs_epsilon_precision_HUMAN": 0.1486501693725586,
      "median_abs_epsilon_precision_YEAST": 0.2649354934692383,
      "mean_log2_empirical_HUMAN": -0.05420848292979192,
      "mean_log2_empirical_YEAST": -1.7205720139926124,
      "mean_abs_epsilon_precision_global": 0.27160014590201076,
      "mean_abs_epsilon_precision_eq_species": 0.32234286256436434,
      "mean_abs_epsilon_precision_HUMAN": 0.25038274545542144,
      "mean_abs_epsilon_precision_YEAST": 0.39430297967330724,
      "CV_median": 0.11597233581739358,
      "CV_q75": 0.1995619976984323,
      "CV_q90": 0.31681659428497316,
      "CV_q95": 0.413282207242402,
      "variance_epsilon_global": 0.2930161809910327,
      "nr_prec": 34844,
      "roc_auc": 0.9772592174710052
    },
    "2": {
      "median_abs_epsilon_global": 0.3130279208484422,
      "median_abs_epsilon_eq_species": 0.414752757084184,
      "median_abs_epsilon_HUMAN": 0.29093503952026367,
      "median_abs_epsilon_YEAST": 0.5385704746481044,
      "mean_abs_epsilon_global": 0.41912544792946466,
      "mean_abs_epsilon_eq_species": 0.5180080697051607,
      "mean_abs_epsilon_HUMAN": 0.37858502029951996,
      "mean_abs_epsilon_YEAST": 0.6574311191108014,
      "median_log2_empirical_HUMAN": -0.01129913330078125,
      "median_log2_empirical_YEAST": -1.8012146949768066,
      "median_abs_epsilon_precision_global": 0.1647796630859375,
      "median_abs_epsilon_precision_eq_species": 0.2095644474029541,
      "median_abs_epsilon_precision_HUMAN": 0.15198659896850586,
      "median_abs_epsilon_precision_YEAST": 0.26714229583740234,
      "mean_log2_empirical_HUMAN": -0.0562130277058206,
      "mean_log2_empirical_YEAST": -1.716153290762593,
      "mean_abs_epsilon_precision_global": 0.2814636778259583,
      "mean_abs_epsilon_precision_eq_species": 0.3311588328035455,
      "mean_abs_epsilon_precision_HUMAN": 0.2610893916495886,
      "mean_abs_epsilon_precision_YEAST": 0.40122827395750243,
      "CV_median": 0.11682020758340356,
      "CV_q75": 0.20182576319493767,
      "CV_q90": 0.32163503647100733,
      "CV_q95": 0.42001937967570024,
      "variance_epsilon_global": 0.3100871127990791,
      "nr_prec": 37129,
      "roc_auc": 0.9747670348477606
    },