{
  "id": "Spectronaut_20260309_105349",
  "software_name": "Spectronaut",
  "software_version": "19.7.250203.62635",
  "search_engine": "Spectronaut",
  "search_engine_version": "19.7.250203.62635",
  "ident_fdr_psm": 0.01,
  "ident_fdr_peptide": null,
  "ident_fdr_protein": 0.01,
  "enable_match_between_runs": false,
  "precursor_mass_tolerance": "Dynamic",
  "fragment_mass_tolerance": "Dynamic",
  "enzyme": "Trypsin",
  "allowed_miscleavages": 2,
  "min_peptide_length": 7,
  "max_peptide_length": 52,
  "is_temporary": false,
  "intermediate_hash": "f41cf8456a5fa51334aeef8f6829402493545cbd",
  "results": {
    "6": {
      "median_abs_epsilon_global": 0.2937625880223068,
      "median_abs_epsilon_eq_species": 0.3732110846474394,
      "median_abs_epsilon_HUMAN": 0.2743943904760878,
      "median_abs_epsilon_YEAST": 0.472027778818791,
      "mean_abs_epsilon_global": 0.413206713988919,
      "mean_abs_epsilon_eq_species": 0.49314952440952087,
      "mean_abs_epsilon_HUMAN": 0.38741198063996846,
      "mean_abs_epsilon_YEAST": 0.5988870681790732,
      "median_log2_empirical_HUMAN": 0.04028517903721274,
      "median_log2_empirical_YEAST": -1.878191027079109,
      "median_abs_epsilon_precision_global": 0.20787941925824582,
      "median_abs_epsilon_precision_eq_species": 0.22913520175212765,
      "median_abs_epsilon_precision_HUMAN": 0.2013626890707807,
      "median_abs_epsilon_precision_YEAST": 0.2569077144334746,
      "mean_log2_empirical_HUMAN": -0.0008920364542926712,
      "mean_log2_empirical_YEAST": -1.811669085160472,
      "mean_abs_epsilon_precision_global": 0.3327931211434659,
      "mean_abs_epsilon_precision_eq_species": 0.36850650992278555,
      "mean_abs_epsilon_precision_HUMAN": 0.32126966661762213,
      "mean_abs_epsilon_precision_YEAST": 0.4157433532279489,
      "CV_median": 0.18183683567057288,
      "CV_q75": 0.3245454586910227,
      "CV_q90": 0.5015335276780484,
      "CV_q95": 0.6153985978800447,
      "roc_auc": 0.9671227004774698,
      "roc_auc_directional": 0.9719698977715735,
      "nr_prec": 36491,
      "nr_prec_HUMAN": 32040,
      "nr_prec_YEAST": 4451,
      "variance_epsilon_global": 0.3143142402257975
    },
    "5": {
      "median_abs_epsilon_global": 0.3136737560114019,
      "median_abs_epsilon_eq_species": 0.401249772249399,
      "median_abs_epsilon_HUMAN": 0.2883472894859226,
      "median_abs_epsilon_YEAST": 0.5141522550128754,
      "mean_abs_epsilon_global": 0.4553410080410421,
      "mean_abs_epsilon_eq_species": 0.5477848439877746,
      "mean_abs_epsilon_HUMAN": 0.4192353555323058,
      "mean_abs_epsilon_YEAST": 0.6763343324432434,
      "median_log2_empirical_HUMAN": 0.03662444367657436,
      "median_log2_empirical_YEAST": -1.8384700004439027,
      "median_abs_epsilon_precision_global": 0.22964453083125314,
      "median_abs_epsilon_precision_eq_species": 0.26216233078977424,
      "median_abs_epsilon_precision_HUMAN": 0.21866593261750644,
      "median_abs_epsilon_precision_YEAST": 0.30565872896204205,
      "mean_log2_empirical_HUMAN": -0.01215194127059618,
      "mean_log2_empirical_YEAST": -1.7382155274728797,
      "mean_abs_epsilon_precision_global": 0.3735984111172078,
      "mean_abs_epsilon_precision_eq_species": 0.4198945263996935,
      "mean_abs_epsilon_precision_HUMAN": 0.3555166057293721,
      "mean_abs_epsilon_precision_YEAST": 0.4842724470700149,
      "CV_median": 0.19485745195517765,
      "CV_q75": 0.35070644489784697,
      "CV_q90": 0.541668237999245,
      "CV_q95": 0.6569910882519432,
      "roc_auc": 0.9524478523379718,
      "roc_auc_directional": 0.96024971369056,
      "nr_prec": 41165,
      "nr_prec_HUMAN": 35384,
      "nr_prec_YEAST": 5781,
      "variance_epsilon_global": 0.40176796036416257
    },
    "4": {
      "median_abs_epsilon_global": 0.3303252754503073,
      "median_abs_epsilon_eq_species": 0.4347383303121353,
      "median_abs_epsilon_HUMAN": 0.2987805301627017,
      "median_abs_epsilon_YEAST": 0.570696130461569,
      "mean_abs_epsilon_global": 0.49686084942652115,
      "mean_abs_epsilon_eq_species": 0.610607343410624,
      "mean_abs_epsilon_HUMAN": 0.44426830371341713,
      "mean_abs_epsilon_YEAST": 0.7769463831078308,
      "median_log2_empirical_HUMAN": 0.033068281798386945,
      "median_log2_empirical_YEAST": -1.7903118135117095,
      "median_abs_epsilon_precision_global": 0.24585742294633284,
      "median_abs_epsilon_precision_eq_species": 0.29595614235293044,
      "median_abs_epsilon_precision_HUMAN": 0.22898606460515536,
      "median_abs_epsilon_precision_YEAST": 0.3629262201007055,
      "mean_log2_empirical_HUMAN": -0.02539793952391031,
      "mean_log2_empirical_YEAST": -1.6474344921575976,
      "mean_abs_epsilon_precision_global": 0.4120321434461408,
      "mean_abs_epsilon_precision_eq_species": 0.47722106162219086,
      "mean_abs_epsilon_precision_HUMAN": 0.38189098446113634,
      "mean_abs_epsilon_precision_YEAST": 0.5725511387832454,
      "CV_median": 0.20069539968103353,
      "CV_q75": 0.36245192622276334,
      "CV_q90": 0.5582593753635432,
      "CV_q95": 0.6750322472684742,
      "roc_auc": 0.9317576132359493,
      "roc_auc_directional": 0.9387217402489506,
      "nr_prec": 44298,
      "nr_prec_HUMAN": 37295,
      "nr_prec_YEAST": 7003,
      "variance_epsilon_global": 0.5034544277021472
    },
    "3": {
      "median_abs_epsilon_global": 0.33749871966967404,
      "median_abs_epsilon_eq_species": 0.4436340265726017,
      "median_abs_epsilon_HUMAN": 0.3037619120212093,
      "median_abs_epsilon_YEAST": 0.5835061411239941,
      "mean_abs_epsilon_global": 0.5129882826858964,
      "mean_abs_epsilon_eq_species": 0.6298827866665573,
      "mean_abs_epsilon_HUMAN": 0.45841188436126973,
      "mean_abs_epsilon_YEAST": 0.8013536889718448,
      "median_log2_empirical_HUMAN": 0.030552584085545398,
      "median_log2_empirical_YEAST": -1.7714561080197702,
      "median_abs_epsilon_precision_global": 0.25356096105696535,
      "median_abs_epsilon_precision_eq_species": 0.30666763215127435,
      "median_abs_epsilon_precision_HUMAN": 0.23508114813310033,
      "median_abs_epsilon_precision_YEAST": 0.3782541161694484,
      "mean_log2_empirical_HUMAN": -0.032513336276109396,
      "mean_log2_empirical_YEAST": -1.6218140513638852,
      "mean_abs_epsilon_precision_global": 0.42779253856611005,
      "mean_abs_epsilon_precision_eq_species": 0.49445696019780794,
      "mean_abs_epsilon_precision_HUMAN": 0.39666785857555786,
      "mean_abs_epsilon_precision_YEAST": 0.592246061820058,
      "CV_median": 0.20364903850930954,
      "CV_q75": 0.3687324518230658,
      "CV_q90": 0.5644313389158597,
      "CV_q95": 0.6822535602791676,
      "roc_auc": 0.924124184319583,
      "roc_auc_directional": 0.9308329364032851,
      "nr_prec": 46573,
      "nr_prec_HUMAN": 38451,
      "nr_prec_YEAST": 8122,
      "variance_epsilon_global": 0.5423214868267137
    },
    "2": {
      "median_abs_epsilon_global": 0.33972362953175794,
      "median_abs_epsilon_eq_species": 0.4460009774746346,
      "median_abs_epsilon_HUMAN": 0.30580765794055653,
      "median_abs_epsilon_YEAST": 0.5861942970087126,
      "mean_abs_epsilon_global": 0.5182932744760171,
      "mean_abs_epsilon_eq_species": 0.6369403791198122,
      "mean_abs_epsilon_HUMAN": 0.4629152631271905,
      "mean_abs_epsilon_YEAST": 0.8109654951124339,
      "median_log2_empirical_HUMAN": 0.030448913597100002,
      "median_log2_empirical_YEAST": -1.7678697581219596,
      "median_abs_epsilon_precision_global": 0.2556946399252258,
      "median_abs_epsilon_precision_eq_species": 0.3101342723433963,
      "median_abs_epsilon_precision_HUMAN": 0.2372247088970061,
      "median_abs_epsilon_precision_YEAST": 0.3830438357897865,
      "mean_log2_empirical_HUMAN": -0.03272040526823222,
      "mean_log2_empirical_YEAST": -1.6114437647896898,
      "mean_abs_epsilon_precision_global": 0.43323599057525713,
      "mean_abs_epsilon_precision_eq_species": 0.5012130842347833,