{
  "id": "DIA-NN_20260309_102430",
  "software_name": "DIA-NN",
  "software_version": "1.8.2 beta 8",
  "search_engine": "DIA-NN",
  "search_engine_version": "1.8.2 beta 8",
  "ident_fdr_psm": 0.01,
  "ident_fdr_peptide": NaN,
  "ident_fdr_protein": NaN,
  "enable_match_between_runs": true,
  "precursor_mass_tolerance": "[-15.0 ppm, 15.0 ppm]",
  "fragment_mass_tolerance": "[-20.0 ppm, 20.0 ppm]",
  "enzyme": "Trypsin/P",
  "allowed_miscleavages": 1,
  "min_peptide_length": 6,
  "max_peptide_length": 30,
  "is_temporary": false,
  "intermediate_hash": "f4cec7058f09c137938bf3164f4582480b4d0417",
  "results": {
    "6": {
      "median_abs_epsilon_global": 0.29642086924027866,
      "median_abs_epsilon_eq_species": 0.38110705868745803,
      "median_abs_epsilon_HUMAN": 0.2795775949662319,
      "median_abs_epsilon_YEAST": 0.48263652240868415,
      "mean_abs_epsilon_global": 0.37753879275837127,
      "mean_abs_epsilon_eq_species": 0.4633300437694474,
      "mean_abs_epsilon_HUMAN": 0.35543084573780165,
      "mean_abs_epsilon_YEAST": 0.5712292418010932,
      "median_log2_empirical_HUMAN": -0.0013501851837247614,
      "median_log2_empirical_YEAST": -1.854844347534402,
      "median_abs_epsilon_precision_global": 0.16108532309444623,
      "median_abs_epsilon_precision_eq_species": 0.1796666396665656,
      "median_abs_epsilon_precision_HUMAN": 0.15792183213774003,
      "median_abs_epsilon_precision_YEAST": 0.20141144719539117,
      "mean_log2_empirical_HUMAN": -0.04428033044799633,
      "mean_log2_empirical_YEAST": -1.800129684328948,
      "mean_abs_epsilon_precision_global": 0.2533320029055451,
      "mean_abs_epsilon_precision_eq_species": 0.28610205486389323,
      "mean_abs_epsilon_precision_HUMAN": 0.24488733559951714,
      "mean_abs_epsilon_precision_YEAST": 0.3273167741282693,
      "CV_median": 0.13648869027487842,
      "CV_q75": 0.2383633333615256,
      "CV_q90": 0.3713341498928257,
      "CV_q95": 0.47024757802374917,
      "roc_auc": 0.9821454536654987,
      "roc_auc_directional": 0.9848995156689888,
      "nr_prec": 26765,
      "nr_prec_HUMAN": 24023,
      "nr_prec_YEAST": 2742,
      "variance_epsilon_global": 0.20885118845267647
    },
    "5": {
      "median_abs_epsilon_global": 0.3145009817913861,
      "median_abs_epsilon_eq_species": 0.4051145348103484,
      "median_abs_epsilon_HUMAN": 0.2951296042566085,
      "median_abs_epsilon_YEAST": 0.5150994653640883,
      "mean_abs_epsilon_global": 0.4161440672798379,
      "mean_abs_epsilon_eq_species": 0.5046342832492399,
      "mean_abs_epsilon_HUMAN": 0.38872696160652526,
      "mean_abs_epsilon_YEAST": 0.6205416048919545,
      "median_log2_empirical_HUMAN": -0.008307388055615483,
      "median_log2_empirical_YEAST": -1.8237884258825332,
      "median_abs_epsilon_precision_global": 0.182403545332126,
      "median_abs_epsilon_precision_eq_species": 0.21279743121295525,
      "median_abs_epsilon_precision_HUMAN": 0.17560897407618192,
      "median_abs_epsilon_precision_YEAST": 0.24998588834972857,
      "mean_log2_empirical_HUMAN": -0.059655833158345245,
      "mean_log2_empirical_YEAST": -1.7636829765572202,
      "mean_abs_epsilon_precision_global": 0.2938832171554762,
      "mean_abs_epsilon_precision_eq_species": 0.33159656625910033,
      "mean_abs_epsilon_precision_HUMAN": 0.2821984126113656,
      "mean_abs_epsilon_precision_YEAST": 0.3809947199068351,
      "CV_median": 0.14877515700201221,
      "CV_q75": 0.2655056199385997,
      "CV_q90": 0.41433646129901325,
      "CV_q95": 0.5250326409219679,
      "roc_auc": 0.9751954970861422,
      "roc_auc_directional": 0.979236466102659,
      "nr_prec": 32679,
      "nr_prec_HUMAN": 28814,
      "nr_prec_YEAST": 3865,
      "variance_epsilon_global": 0.27436485570381786
    },
    "4": {
      "median_abs_epsilon_global": 0.33150266277177864,
      "median_abs_epsilon_eq_species": 0.43771670430433746,
      "median_abs_epsilon_HUMAN": 0.30536841606684584,
      "median_abs_epsilon_YEAST": 0.5700649925418291,
      "mean_abs_epsilon_global": 0.4573444556140655,
      "mean_abs_epsilon_eq_species": 0.5618218803449798,
      "mean_abs_epsilon_HUMAN": 0.416705311549947,
      "mean_abs_epsilon_YEAST": 0.7069384491400126,
      "median_log2_empirical_HUMAN": -0.013243054361987028,
      "median_log2_empirical_YEAST": -1.7811991246733356,
      "median_abs_epsilon_precision_global": 0.20110271005958058,
      "median_abs_epsilon_precision_eq_species": 0.24699076850398338,
      "median_abs_epsilon_precision_HUMAN": 0.18833057136371067,
      "median_abs_epsilon_precision_YEAST": 0.3056509656442561,
      "mean_log2_empirical_HUMAN": -0.07297959233599295,
      "mean_log2_empirical_YEAST": -1.69196098548394,
      "mean_abs_epsilon_precision_global": 0.33325043109724706,
      "mean_abs_epsilon_precision_eq_species": 0.38566888923377207,
      "mean_abs_epsilon_precision_HUMAN": 0.3128609423888899,
      "mean_abs_epsilon_precision_YEAST": 0.4584768360786542,
      "CV_median": 0.15428982991273668,
      "CV_q75": 0.277474480563517,
      "CV_q90": 0.4342227266544566,
      "CV_q95": 0.5465041566307653,
      "roc_auc": 0.9583435324726451,
      "roc_auc_directional": 0.9659105245638206,
      "nr_prec": 36587,
      "nr_prec_HUMAN": 31464,
      "nr_prec_YEAST": 5123,
      "variance_epsilon_global": 0.36250560787117597
    },
    "3": {
      "median_abs_epsilon_global": 0.3391876841280096,
      "median_abs_epsilon_eq_species": 0.45032202923389336,
      "median_abs_epsilon_HUMAN": 0.3112811490863473,
      "median_abs_epsilon_YEAST": 0.5893629093814394,
      "mean_abs_epsilon_global": 0.4775846019003646,
      "mean_abs_epsilon_eq_species": 0.5858169724108744,
      "mean_abs_epsilon_HUMAN": 0.43518972364546676,
      "mean_abs_epsilon_YEAST": 0.736444221176282,
      "median_log2_empirical_HUMAN": -0.015723207977174525,
      "median_log2_empirical_YEAST": -1.764740972874975,
      "median_abs_epsilon_precision_global": 0.21037933022780297,
      "median_abs_epsilon_precision_eq_species": 0.25948566287140373,
      "median_abs_epsilon_precision_HUMAN": 0.19641252144444898,
      "median_abs_epsilon_precision_YEAST": 0.3225588042983585,
      "mean_log2_empirical_HUMAN": -0.08331130959989373,
      "mean_log2_empirical_YEAST": -1.6659597250742966,
      "mean_abs_epsilon_precision_global": 0.35471382836978227,
      "mean_abs_epsilon_precision_eq_species": 0.40923132330524914,
      "mean_abs_epsilon_precision_HUMAN": 0.33335919528127667,
      "mean_abs_epsilon_precision_YEAST": 0.48510345132922167,
      "CV_median": 0.15747563041427198,
      "CV_q75": 0.28334480796061257,
      "CV_q90": 0.4434542014751041,
      "CV_q95": 0.5572029960717207,
      "roc_auc": 0.9487629710442356,
      "roc_auc_directional": 0.9572624573972884,
      "nr_prec": 39694,
      "nr_prec_HUMAN": 33216,
      "nr_prec_YEAST": 6478,
      "variance_epsilon_global": 0.4064090044738623
    },
    "2": {
      "median_abs_epsilon_global": 0.34180567781563903,
      "median_abs_epsilon_eq_species": 0.45331552940489045,
      "median_abs_epsilon_HUMAN": 0.3138023596710665,
      "median_abs_epsilon_YEAST": 0.5928286991387144,
      "mean_abs_epsilon_global": 0.4836248179396873,
      "mean_abs_epsilon_eq_species": 0.5933811480246338,
      "mean_abs_epsilon_HUMAN": 0.4406848816613717,
      "mean_abs_epsilon_YEAST": 0.746077414387896,
      "median_log2_empirical_HUMAN": -0.01640872398014004,
      "median_log2_empirical_YEAST": -1.7597243711078807,
      "median_abs_epsilon_precision_global": 0.21406887847734346,
      "median_abs_epsilon_precision_eq_species": 0.26369657102261,
      "median_abs_epsilon_precision_HUMAN": 0.1993625651488795,
      "median_abs_epsilon_precision_YEAST": 0.3280305768963405,
      "mean_log2_empirical_HUMAN": -0.08374913318592492,
      "mean_log2_empirical_YEAST": -1.6563969011921502,
      "mean_abs_epsilon_precision_global": 0.36107459920987245,
      "mean_abs_epsilon_precision_eq_species": 0.4164611976396058,